time,policy_name,state,carbon_similarity,cluster,tsne_x,tsne_y
202210,辽宁省人民政府办公厅关于印发辽宁省加快推进清洁能源强省建设实施方案的通知,辽宁,0.5974019765853882,4,0.8372044,15.625515
202209,辽宁省人民政府办公厅关于印发辽宁省推进多式联运高质量发展优化调整运输结构行动方案（2022—2025年）的通知,辽宁,0.5030118227005005,5,-7.4483256,-9.649917
202207,辽宁省人民政府办公厅关于印发辽宁省“十四五”能源发展规划的通知,辽宁,0.6235738396644592,4,0.6669345,13.612818
202202,辽宁省人民政府办公厅关于印发辽宁省深入推进结构调整“三篇大文章”三年行动方案（2022—2024年）的通知,辽宁,0.5492196083068848,5,0.08185473,-12.554342
202201,辽宁省人民政府办公厅关于印发辽宁省“十四五”生态经济发展规划的通知,辽宁,0.5169875621795654,2,-46.609882,4.235227
202111,辽宁省人民政府办公厅关于印发辽宁省加快建立健全绿色低碳循环发展经济体系任务措施的通知,辽宁,0.6206848621368408,4,-10.976991,13.273743
202107,辽宁省人民政府办公厅关于进一步加强电网建设工作的通知,辽宁,0.5727022290229797,5,21.711887,12.201973
202103,辽宁省人民政府办公厅关于加强全省高耗能、高排放项目准入管理的意见,辽宁,0.5362195372581482,5,-0.23627621,34.03364
201909,辽宁省人民政府办公厅关于优化金融环境的意见,辽宁,0.5060024857521057,4,-14.978683,-41.914364
201902,（已失效）辽宁省人民政府办公厅关于印发辽宁省推进运输结构调整三年行动计划（2018—2020年）的通知,辽宁,0.5668244957923889,5,-7.5378776,-9.240276
201712,辽宁省人民政府办公厅关于印发辽宁省湿地保护修复实施方案的通知,辽宁,0.5582358241081238,2,-63.268967,3.675297
201711,（已失效）辽宁省人民政府办公厅关于印发辽宁省推进清洁取暖三年滚动计划（2018—2020年）的通知,辽宁,0.5659937262535095,5,1.2470129,16.307858
201709,辽宁省人民政府办公厅关于创新管理优化服务培育壮大经济发展新动能加快新旧动能接续转换的实施意见,辽宁,0.5116068720817566,4,0.47338983,-14.360925
201708,辽宁省人民政府办公厅关于大力发展装配式建筑的实施意见,辽宁,0.5105535984039307,1,-13.511022,-1.4008749
201708,（已失效）辽宁省人民政府办公厅关于印发辽宁省城乡生活垃圾分类四年滚动计划实施方案（2017—2020年）的通知,辽宁,0.5021244883537292,5,-26.93459,-4.98894
201707,（已失效）辽宁省人民政府办公厅关于印发电化辽宁、气化辽宁和煤电企业转型转产工作方案的通知,辽宁,0.6198285818099976,4,1.5074445,16.402796
201702,辽宁省人民政府办公厅关于印发辽宁省发展和改革委员会主要职责内设机构和人员编制规定的通知,辽宁,0.5037891864776611,5,37.560703,-27.58105
201701,（已失效）辽宁省人民政府办公厅关于印发辽宁省控制污染物排放许可制实施计划的通知,辽宁,0.5280426740646362,2,-33.56769,14.430659
201701,辽宁省人民政府办公厅关于健全生态保护补偿机制的实施意见,辽宁,0.5032400488853455,2,-55.771847,5.2255464
201612,辽宁省人民政府办公厅关于印发贯彻落实《东北振兴“十三五”规划》工作任务分工方案的通知,辽宁,0.5006166696548462,4,-0.47664768,-16.99094
201612,（已废止）辽宁省人民政府办公厅关于印发辽宁省加快发展新能源汽车实施方案的通知,辽宁,0.5326364040374756,0,11.645619,17.98812
201610,辽宁省人民政府办公厅关于印发辽宁省营造良好市场环境促进有色金属工业调结构促转型增效益实施方案的通知,辽宁,0.548220157623291,4,16.566748,-11.976056
201609,辽宁省人民政府办公厅关于印发辽宁省林业产业发展指导意见的通知,辽宁,0.5131222605705261,5,-47.693657,4.282754
201609,（已失效）辽宁省人民政府办公厅关于促进建材工业稳增长调结构增效益的实施意见,辽宁,0.5407879948616028,4,15.083594,-5.146774
201607,（已失效）辽宁省人民政府办公厅关于印发辽宁省实行最严格水资源管理制度“十三五”工作方案和辽宁省“十三五”封闭地下水取水工程总体方案的通知,辽宁,0.5077500939369202,2,-24.632227,3.9365582
201603,辽宁省人民政府办公厅关于成立辽宁省化解钢铁煤炭过剩产能实现脱困发展领导小组的通知,辽宁,0.5542497038841248,5,43.88147,-5.0534964
201602,辽宁省人民政府办公厅关于化解房地产库存的若干意见,辽宁,0.5116422176361084,5,7.3022113,-44.90579
201601,辽宁省人民政府办公厅关于加强进口的实施意见,辽宁,0.523726761341095,4,8.349028,-23.190273
201601,（已废止）辽宁省人民政府办公厅关于进一步加强电网建设的通知,辽宁,0.5545476675033569,5,21.800734,12.135572
201507,（已失效）辽宁省人民政府办公厅关于转发省发展改革委省住房城乡建设厅辽宁省绿色建筑行动实施方案的通知,辽宁,0.6316189169883728,1,-11.843092,3.669168
201506,（已失效）辽宁省人民政府办公厅关于加快新能源汽车推广应用的实施意见,辽宁,0.5319681763648987,0,11.294075,17.663773
201411,辽宁省人民政府办公厅关于成立辽宁省油气输送管道隐患整治工作领导小组的通知,辽宁,0.5002226233482361,5,38.905384,-19.58175
201410,（已失效）辽宁省人民政府办公厅关于印发推动两化深度融合促进四化同步发展行动计划的通知,辽宁,0.5129744410514832,4,-0.19119126,-13.494202
201410,（已失效）辽宁省人民政府办公厅关于印发2014—2015年节能减排低碳发展行动计划的通知,辽宁,0.6104109287261963,3,-4.465001,18.31917
201405,（已废止）辽宁省人民政府办公厅关于进一步加强煤矿安全生产工作的实施意见,辽宁,0.5290182828903198,6,50.688587,1.1970416
201402,（已失效）辽宁省人民政府办公厅关于进一步规范和提升全省招商引资工作的意见,辽宁,0.5043721199035645,5,-0.13572915,-15.659664
201307,（已失效）辽宁省人民政府办公厅关于进一步加强金融业为地方经济发展服务的若干意见,辽宁,0.5242884755134583,4,-14.850342,-41.509167
201305,辽宁省人民政府办公厅关于印发辽宁省贯彻实施质量发展纲要2013年行动计划工作方案的通知,辽宁,0.5009375214576721,4,-10.472482,-27.17289
201204,辽宁省人民政府办公厅转发省发展改革委关于全省国家低碳试点工作实施意见的通知,辽宁,0.6314195990562439,4,-4.4565606,17.790245
201203,（已失效）辽宁省人民政府办公厅转发省服务业委关于加快建立完整的先进的废旧商品回收体系实施意见的通知,辽宁,0.504058301448822,5,-24.890032,-8.402654
201201,（已失效）辽宁省人民政府办公厅转发省经济和信息化委等部门关于全省整顿关闭非煤小矿山工作方案的通知,辽宁,0.50857013463974,6,51.097347,-2.5015206
201109,（已失效）辽宁省人民政府办公厅关于鼓励和支持企业债券融资问题的通知,辽宁,0.5117866396903992,5,-14.582735,-40.076794
200809,辽宁省人民政府办公厅转发省林业厅关于加快推进林业经济发展意见的通知,辽宁,0.5086983442306519,5,-48.901417,4.507196
200712,（已失效）辽宁省人民政府办公厅转发省财政厅关于实施鼓励节能减排财税政策意见的通知,辽宁,0.6315512657165527,3,-8.163652,22.87449
200708,（已失效）辽宁省人民政府办公厅关于印发辽宁省第一次全国污染源普查实施方案的通知,辽宁,0.5020608901977539,5,-33.325268,-1.4085488
200705,辽宁省人民政府办公厅转发省农委关于进一步加强农村能源建设工作意见的通知,辽宁,0.5701500177383423,5,2.016868,17.70443
200611,辽宁省人民政府办公厅关于转发省环保局辽宁省农村小康环保行动计划实施方案的通知,辽宁,0.5011083483695984,2,-33.618015,1.6903634
200606,（已失效）辽宁省人民政府办公厅转发省建设厅等部门关于调整住房供应结构稳定住房价格意见的通知,辽宁,0.5540743470191956,5,8.121129,-46.365673
200605,（已失效）辽宁省人民政府办公厅转发省建设厅关于推进建筑节能工作意见的通知,辽宁,0.5863053202629089,1,-12.031529,6.328014
200603,辽宁省人民政府办公厅转发省物价局等部门关于贯彻国家石油价格形成机制综合配套改革方案实施意见的通知,辽宁,0.5203989148139954,5,35.784817,19.745535
200511,辽宁省人民政府办公厅关于加快辽东山区林业产业发展有关政策的通知,辽宁,0.5020045638084412,5,-47.902615,4.3589725
200505,辽宁省人民政府办公厅关于成立辽宁省绿色国民经济损失调查试点工作领导小组的通知,辽宁,0.5185233950614929,5,-33.515095,0.3273721
200412,（已失效）辽宁省人民政府办公厅关于印发辽宁省节水型社会建设发展纲要的通知,辽宁,0.5104452967643738,5,-24.144758,3.50991
200405,（已废止）辽宁省人民政府办公厅转发省经委关于开展资源节约活动实施意见的通知,辽宁,0.5179529786109924,4,-14.83022,24.509901
200307,（已失效）转发省计委等部门关于推进全省城市污水垃圾处理产业化发展意见的通知,辽宁,0.5187148451805115,5,-32.210354,6.6490817
202508,湖南省人民政府办公厅关于做好湖南金融“五篇大文章”服务经济高质量发展的实施意见,湖南,0.5066145658493042,4,-13.718363,-42.47249
202412,湖南省人民政府办公厅关于印发《湖南省加快经济社会发展全面绿色转型实施方案》的通知,湖南,0.5713061690330505,4,-7.5381975,8.100033
202409,湖南省人民政府办公厅关于加快发展绿色智能计算产业的指导意见,湖南,0.5225273370742798,4,-5.5092907,7.5312066
202312,湖南省人民政府办公厅关于印发《湖南省新型电力系统发展规划纲要》的通知,湖南,0.5472607016563416,4,20.666357,16.929182
202310,湖南省人民政府办公厅关于切实提高矿产资源保障能力深入推进矿业绿色高质量发展的若干意见,湖南,0.5119128823280334,5,50.67392,-12.408667
202205,湖南省人民政府办公厅关于印发《湖南省强化“三力”支撑规划（2022—2025年）》的通知,湖南,0.5315966010093689,4,20.578695,17.128204
202202,湖南省人民政府办公厅关于推进草原生态保护修复的实施意见,湖南,0.5729352235794067,2,-61.191452,2.2168489
201912,湖南省人民政府办公厅关于全面推动矿业绿色发展的若干意见,湖南,0.5233391523361206,4,50.722286,-12.667168
201909,湖南省人民政府办公厅关于加强全省水生生物保护工作的实施意见,湖南,0.5303466320037842,2,-63.63324,7.711055
201901,湖南省人民政府办公厅关于印发《湖南省推进运输结构调整三年行动计划实施方案》的通知,湖南,0.55527263879776,5,-5.896154,-8.152447
201901,湖南省人民政府办公厅关于加强城市建筑垃圾管理促进资源化利用的意见,湖南,0.5028166770935059,1,-25.306372,-5.70455
201812,湖南省人民政府办公厅关于创新体制机制推进农业绿色发展的实施意见,湖南,0.5194526314735413,4,-19.641592,-16.81677
201801,湖南省人民政府办公厅关于加快推进省属国有企业办社会职能分离移交工作的通知,湖南,0.5171739459037781,5,29.490265,15.854387
201712,湖南省人民政府办公厅关于印发湖南省生态环境损害赔偿管理有关制度的通知,湖南,0.5158007740974426,2,-58.4822,6.537327
201712,湖南省人民政府办公厅关于印发《湖南省城市双修三年行动计划（2018-2020）》和《湖南省农村双改三年行动计划（2018-2020年）》的通知,湖南,0.5028744339942932,2,-54.196415,-3.3882065
201711,湖南省人民政府办公厅关于印发《湖南省湿地保护修复制度工作方案》的通知,湖南,0.5763257741928101,2,-63.63114,4.7177396
201709,湖南省人民政府办公厅关于转发省长株潭两型试验区管委会等单位《长株潭两型试验区清洁低碳技术推广实施方案（2017-2020年）》的通知,湖南,0.5281938314437866,4,-7.7670794,8.211233
201705,湖南省人民政府办公厅关于印发《促进建材工业稳增长调结构增效益的若干政策措施》的通知,湖南,0.5250875949859619,4,16.311632,-5.083508
201702,湖南省人民政府办公厅关于印发《有色金属工业调结构促转型增效益的若干政策措施》的通知,湖南,0.5802760124206543,4,16.443548,-9.832941
201612,湖南省人民政府办公厅关于推进森林康养发展的通知,湖南,0.5031880140304565,5,-50.241524,4.047224
201612,湖南省人民政府办公厅关于实施积极财政政策扩大有效投资推动调结构稳增长的意见,湖南,0.5032620429992676,5,5.0295925,-16.854313
202111,自治区人民政府关于公布施行宁夏回族自治区定价目录的通知,宁夏,0.5081253051757812,5,34.096596,18.957693
202110,自治区人民政府办公厅关于做好全区今冬明春能源供应保障的通知,宁夏,0.5903962254524231,5,32.785576,12.118564
202005,自治区人民政府办公厅关于加快培育氢能产业发展的指导意见,宁夏,0.567642867565155,4,11.235185,10.603861
202308,河北省人民政府办公厅关于印发河北省固定资产投资项目节能审查办法的通知,河北,0.5397011637687683,3,-4.0718837,35.5023
202306,河北省人民政府办公厅关于印发河北省氢能产业安全管理办法（试行）的通知,河北,0.5000312924385071,5,-16.068356,10.616452
202303,河北省人民政府办公厅关于印发河北省现代水网建设行动方案（2023-2027年）的通知,河北,0.5043923854827881,2,-24.15246,5.899416
202211,河北省人民政府办公厅印发关于深化碳资产价值实现机制若干措施（试行）的通知,河北,0.6058131456375122,2,-16.832924,11.874365
202207,河北省人民政府办公厅关于印发《河北省推进多式联运发展优化调整运输结构实施方案（2022—2025年）》的通知,河北,0.5209119319915771,5,-7.0581093,-10.311199
202203,河北省人民政府关于印发河北省“十四五”节能减排综合实施方案的通知,河北,0.5967020988464355,3,-12.155602,16.05696
202203,河北省人民政府办公厅关于印发河北省“十四五”时期“无废城市”建设工作方案的通知,河北,0.5117210745811462,4,-23.836304,-4.4600816
202202,河北省人民政府办公厅关于转发省工业和信息化厅省发展改革委省生态环境厅《河北省加快推进钢铁产业高质量发展若干措施》的通知,河北,0.5026246905326843,4,20.111523,-10.425219
202201,河北省人民政府办公厅印发关于支持建筑垃圾资源化利用若干政策措施的通知,河北,0.5054361820220947,1,-24.342894,-4.7509093
202201,河北省人民政府关于印发河北省生态环境保护“十四五”规划的通知,河北,0.5140169262886047,2,-24.12577,10.34227
202201,河北省人民政府办公厅印发关于深化排污权交易改革实施方案（试行）的通知,河北,0.5268361568450928,5,-36.64254,15.691216
202112,河北省人民政府办公厅关于鼓励和支持社会资本参与生态保护修复的实施意见,河北,0.577009916305542,2,-58.1004,1.6928654
202109,河北省人民政府办公厅印发关于建立降碳产品价值实现机制的实施方案（试行）的通知,河北,0.5789557099342346,5,-16.804651,11.976622
202107,河北省人民政府办公厅关于科学绿化的实施意见,河北,0.5112310647964478,2,-55.739033,0.2873482
202104,河北省人民政府关于建立健全绿色低碳循环发展经济体系的实施意见,河北,0.6323831677436829,4,-11.060339,12.568734
202012,河北省人民政府关于加快实施“三线一单”生态环境分区管控的意见,河北,0.5016392469406128,2,-24.175724,9.825909
202012,河北省人民政府办公厅关于印发河北省秸秆综合利用实施方案（2021-2023年）的通知,河北,0.5050498247146606,5,-21.707787,-11.250586
202007,河北省人民政府办公厅印发关于支持被动式超低能耗建筑产业发展若干政策的通知,河北,0.5430582165718079,1,-15.898889,7.7213264
202005,河北省人民政府办公厅关于印发支持重点行业和重点设施超低排放改造（深度治理）的若干措施的通知,河北,0.5129278302192688,2,-18.3774,9.363575
201812,河北省人民政府办公厅印发《关于加快坝上地区生态环境治理修复实施方案》的通知,河北,0.5352132320404053,2,-59.69397,-1.0099795
201709,河北省人民政府办公厅关于印发河北省畜禽养殖废弃物资源化利用工作方案的通知,河北,0.5047389268875122,2,-23.146305,-11.357431
201704,河北省人民政府办公厅关于印发河北省固定资产投资项目节能审查办法的通知,河北,0.555039644241333,3,-4.163718,35.47924
201610,河北省人民政府办公厅关于实施约束性资源使用权交易的意见,河北,0.5588101744651794,5,-18.102055,11.751489
201607,河北省人民政府关于印发河北省水资源税改革试点实施办法的通知,河北,0.5024083852767944,5,2.275604,6.6111097
201510,河北省人民政府办公厅关于印发河北省排污权有偿使用和交易管理 暂行办法的通知,河北,0.5269103050231934,5,-37.14846,15.823307
201510,河北省人民政府办公厅 关于加强节能标准化工作的实施意见,河北,0.5539953708648682,3,-7.64832,32.1846
202505,"
					云南省人民政府办公厅关于做好金融“五篇大文章”的实施意见
				",云南,0.5871726870536804,4,-13.369788,-42.448532
202301,"
					云南省人民政府办公厅关于印发云南省绿色能源发展“十四五”规划的通知
				",云南,0.600737988948822,4,2.040438,12.974557
202210,"
					云南省人民政府办公厅关于成立云南省能源委员会的通知
				",云南,0.6128018498420715,5,42.747875,-25.599144
202206,"
					云南省人民政府办公厅关于印发云南省“十四五”环保产业发展规划的通知
				",云南,0.5610253214836121,4,-6.5167484,15.020628
202203,"
					云南省人民政府办公厅关于推动落后和低端低效产能退出的实施意见
				",云南,0.6078317761421204,4,10.231142,-9.648612
202109,"
					云南省人民政府办公厅关于加强草原保护修复的实施意见
				",云南,0.5566545724868774,2,-61.156483,1.159781
202005,"
					云南省人民政府办公厅关于推进全省煤炭行业整治工作的意见
				",云南,0.5311755537986755,6,54.265896,3.0694416
201907,"
					云南省人民政府办公厅关于印发《云南省煤炭产业高质量发展三年行动计划（2019—2021年）》的通知
				",云南,0.5788869261741638,6,55.109146,3.9537923
201904,"
					云南省人民政府办公厅关于印发云南省柴油货车污染治理攻坚战实施方案的通知
				",云南,0.5099139213562012,2,-30.78429,19.637821
201904,"
					云南省人民政府办公厅关于印发云南省实施“补短板、增动力”省级重点前期项目行动计划（2019—2023年）的通知
				",云南,0.5001571178436279,4,6.372447,-12.507006
201903,"
					云南省人民政府办公厅关于加强长江水生生物保护工作的实施意见
				",云南,0.602735698223114,2,-63.583958,7.0408716
201903,"
					云南省人民政府办公厅关于印发云南省推进运输结构调整工作实施方案的通知
				",云南,0.5578168630599976,5,-4.9896955,-7.9637628
201808,"
					云南省人民政府办公厅关于印发云南省钢铁行业化解过剩产能2018年工作方案的通知
				",云南,0.5050561428070068,4,22.351004,-8.507177
201808,"
					云南省人民政府办公厅关于调整云南省环境污染防治工作领导小组的通知
				",云南,0.506580650806427,5,2.1285613,-52.355576
201802,"
					云南省人民政府办公厅关于加快推进农业供给侧结构性改革大力发展粮食产业经济的实施意见
				",云南,0.5036089420318604,4,-17.803305,-20.441517
201712,"
					云南省人民政府办公厅关于贯彻落实湿地保护修复制度方案的实施意见
				",云南,0.5963401198387146,2,-63.674896,5.045766
201712,"
					云南省人民政府办公厅关于印发云南省控制污染物排放许可制实施计划的通知
				",云南,0.521117627620697,2,-34.331516,15.161473
201707,"
					云南省人民政府办公厅关于推动新一轮技术改造促进工业转型升级的实施意见
				",云南,0.5178877115249634,4,6.7025557,-11.359322
201706,"
					云南省人民政府办公厅关于大力发展装配式建筑的实施意见
				",云南,0.501981794834137,1,-13.873846,-0.7509886
201704,"
					云南省人民政府办公厅关于严格落实产能置换着力化解水泥行业产能过剩矛盾的实施意见
				",云南,0.5422464609146118,4,18.01586,-6.3531938
201703,"
					云南省人民政府办公厅关于印发云南省钢铁行业化解过剩产能2017年工作方案的通知
				",云南,0.5060269832611084,4,22.345974,-8.537083
201703,"
					云南省人民政府办公厅关于印发云南省有色金属工业调结构促转型增效益实施方案的通知
				",云南,0.5932340025901794,4,16.655268,-10.451706
201702,"
					云南省人民政府办公厅关于印发云南省化学工业调结构促转型增效益实施方案的通知
				",云南,0.5578551888465881,4,9.587111,-12.045036
201701,"
					云南省人民政府办公厅关于健全生态保护补偿机制的实施意见
				",云南,0.5163496732711792,2,-57.081154,5.639502
201612,"
					云南省人民政府办公厅关于印发云南省建材工业稳增长调结构增效益实施方案的通知
				",云南,0.5002721548080444,5,13.638119,-4.669371
201612,"
					云南省人民政府办公厅关于印发云南省新能源汽车产业发展规划（2016—2020年）的通知
				",云南,0.5064657330513,0,9.813001,18.648397
201610,"
					云南省人民政府办公厅关于推进国有企业供给侧结构性改革的实施意见
				",云南,0.5430512428283691,4,7.8572245,-12.495592
201610,"
					云南省人民政府办公厅关于做好国有企业提质增效工作的实施意见
				",云南,0.5054726004600525,4,7.8638263,-13.775524
201607,"
					云南省人民政府办公厅关于印发云南省城乡居民生活用能实施电能替代用电价格方案的通知
				",云南,0.5299476385116577,5,34.9069,16.052671
201605,"
					云南省人民政府办公厅关于印发云南省“十三五”农村电网建设攻坚工程实施方案的通知
				",云南,0.5134754180908203,5,23.24853,14.598613
201604,"
					云南省人民政府办公厅关于印发云南省加强节能标准化工作实施方案的通知
				",云南,0.5584206581115723,3,-9.865161,34.207596
201601,"
					云南省人民政府办公厅关于推行环境污染第三方治理的实施意见
				",云南,0.5147740244865417,2,-37.068684,12.00122
201505,"
					云南省人民政府办公厅关于加快新能源汽车推广应用的实施意见
				",云南,0.5001378655433655,0,9.870957,18.393913
201503,"
					云南省人民政府办公厅关于云南省能源行业加强大气污染防治工作的实施意见
				",云南,0.5769283771514893,4,-30.75225,18.325594
201502,"
					云南省人民政府办公厅关于加强进口的实施意见
				",云南,0.5368331670761108,4,8.888049,-23.491795
201501,"
					云南省人民政府办公厅转发省发展改革委省住房城乡建设厅关于大力发展低能耗建筑和绿色建筑实施意见的通知
				",云南,0.6096597909927368,1,-14.281918,4.9914503
201409,"
					云南省人民政府办公厅关于印发云南省煤炭工业管理局主要职责内设机构和人员编制规定的通知
				",云南,0.5082042813301086,6,44.001457,-24.019
201401,"
					云南省人民政府办公厅关于进一步加强煤矿安全生产工作的实施意见
				",云南,0.5354582667350769,6,52.906944,2.964213
201002,"
					云南省人民政府办公厅关于印发云南省大中型煤矿瓦斯专项整治工作方案的通知
				",云南,0.5000762343406677,6,53.17221,3.7805767
200910,"
					云南省人民政府办公厅关于印发云南省煤层气（煤矿瓦斯）开发利用实施意见的通知
				",云南,0.5235374569892883,6,53.52037,5.2820907
200909,"
					云南省人民政府办公厅关于印发云南省能源局主要职责内设机构和人员编制规定的通知
				",云南,0.6077218055725098,5,42.8991,-25.405994
200908,"
					云南省人民政府办公厅关于印发云南省工业和信息化委员会主要职责内设机构和人员编制规定的通知
				",云南,0.5008077025413513,5,43.72362,-24.465807
200908,"
					云南省人民政府办公厅关于进一步落实尾矿库专项整治工作职责的通知
				",云南,0.5052421689033508,5,55.626324,-0.058734503
200902,"
					云南省人民政府办公厅关于印发云南省煤炭工业发展行动计划(2008年—2012年)的通知
				",云南,0.5237661600112915,6,55.28307,4.4304566
200812,"
					云南省人民政府办公厅关于印发滇西北生物多样性保护联席会议工作制度和滇西北生物多样性保护专家咨询委员会工作制度的通知
				",云南,0.5016633868217468,5,-57.541397,9.326202
200812,"
					云南省人民政府办公厅关于认真贯彻全省加快推进新型工业化大会精神有关事项的通知
				",云南,0.5265504717826843,5,7.1704564,-11.76212
200812,"
					云南省人民政府办公厅关于印发云南省2008年下半年节能减排工作安排的通知
				",云南,0.656967282295227,3,-11.472931,34.856403
200808,"
					云南省人民政府办公厅关于进一步做好当前电煤电力生产供应工作的紧急通知
				",云南,0.5459315776824951,5,35.810097,13.565538
200808,"
					云南省人民政府办公厅关于继续实施来煤加工政策的通知
				",云南,0.5213848948478699,5,35.767315,14.956707
200808,"
					云南省人民政府办公厅关于做好淘汰落后水泥生产能力工作的通知
				",云南,0.5388345718383789,5,17.610987,-5.8181796
200808,"
					云南省人民政府办公厅关于印发云南省节能监察办法等12个节能降耗文件的通知
				",云南,0.5563888549804688,3,-10.302703,35.225773
200808,"
					云南省人民政府办公厅关于实施来煤加工政策的通知
				",云南,0.5233407020568848,5,35.74412,15.058243
200808,"
					云南省人民政府办公厅关于进一步做好当前全省煤电油运保障工作的通知
				",云南,0.6112090945243835,5,35.419613,13.087975
200808,"
					云南省人民政府办公厅关于印发2007年下半年电煤供存考核办法的通知
				",云南,0.5459097623825073,5,35.95245,13.448762
200808,"
					云南省人民政府办公厅关于印发云南省矿产资源开发整合总体方案的通知
				",云南,0.5362431406974792,6,52.860878,-9.001183
200808,"
					云南省人民政府办公厅转发国务院办公厅关于推进国有资本调整和国有企业重组指导意见文件的通知
				",云南,0.581405758857727,4,8.217735,-12.767638
200808,"
					云南省人民政府办公厅关于印发云南省节能减排工作行政问责实施意见的通知
				",云南,0.5999640822410583,3,-11.315388,34.93643
200808,"
					云南省人民政府办公厅关于印发云南省省级财政节能降耗专项资金管理暂行办法的通知
				",云南,0.5630530118942261,5,-10.40426,35.552208
200805,"
					云南省人民政府办公厅贯彻落实国务院办公厅关于加强煤炭行业管理有关问题文件的通知
				",云南,0.5357411503791809,6,44.37118,-23.370323
200805,"
					云南省人民政府办公厅关于实施七彩云南保护行动做好2007年环境保护工作的通知
				",云南,0.5068433284759521,2,-36.513214,7.8782067
200805,"
					云南省人民政府办公厅关于认真贯彻落实“十一五”期间全省主要污染物总量减排计划的通知
				",云南,0.5517858266830444,2,-29.971628,28.613142
200804,"
					云南省人民政府办公厅转发国务院办公厅关于开展流域综合规划修编工作意见的通知
				",云南,0.5003504157066345,5,-28.74831,1.9574375
200804,"
					云南省人民政府办公厅转发人民银行昆明中心支行关于金融支持云南社会主义新农村建设指导意见的通知
				",云南,0.5148615837097168,4,-18.547619,-38.241688
202210,上海市人民政府关于印发《上海市固定资产投资项目节能审查实施办法》的通知 ,上海,0.5485689640045166,3,-4.677684,34.768875
201805,上海市人民政府关于环境保护税市与区收入划分事项的通知 ,上海,0.5005828142166138,5,-42.08883,15.843311
202306,上海市人民政府办公厅关于转发市机管局修订的《上海市公共机构合同能源管理项目管理办法》的通知 ,上海,0.5362175703048706,5,-9.37129,27.896833
202401,吉林省人民政府办公厅印发关于促进吉林省新能源产业加快发展若干措施的通知,吉林,0.5243661403656006,0,5.118524,10.781164
202312,吉林省人民政府办公厅关于印发抢先布局氢能产业、新型储能产业新赛道实施方案的通知,吉林,0.5093012452125549,4,5.0548687,11.135288
202306,吉林省人民政府办公厅关于成立吉林省“氢动吉林”行动领导小组的通知,吉林,0.5257902145385742,5,5.021221,11.316444
202208,吉林省人民政府办公厅关于印发吉林省能源发展“十四五”规划的通知,吉林,0.5456368327140808,5,-0.75477684,13.700643
202107,吉林省人民政府办公厅关于深化农村金融综合改革服务乡村振兴的实施意见,吉林,0.5056679844856262,4,-17.435495,-41.900436
201911,吉林省人民政府办公厅关于推进绿色金融发展的若干意见,吉林,0.6487351655960083,4,-24.066252,-39.491646
201901,吉林省人民政府办公厅关于金融支持民营经济发展的实施意见,吉林,0.5028039216995239,5,-27.575636,-29.523586
201901,吉林省人民政府办公厅关于印发吉林省推进节能标准化工作实施方案的通知,吉林,0.5374025702476501,3,-5.0638742,46.079437
201901,吉林省人民政府办公厅关于印发吉林省中西部农田防护林网修复完善工程实施方案的通知,吉林,0.5064466595649719,5,-28.462963,-27.289942
201901,吉林省人民政府办公厅关于印发吉林省落实推进运输结构调整三年行动计划（2018—2020年）实施方案的通知(吉政办发〔2018〕55号),吉林,0.5541748404502869,5,-8.931904,-9.725675
201712,吉林省人民政府办公厅关于贯彻落实湿地保护修复制度方案的实施意见,吉林,0.5205740928649902,2,-63.691578,2.8684664
201708,吉林省人民政府关于批转省发展改革委吉林省2017年深化经济体制改革重点任务分工方案的通知,吉林,0.5440786480903625,4,44.93154,-4.2779045
201706,吉林省人民政府办公厅转发省能源局等部门关于推进电能清洁供暖实施意见的通知,吉林,0.5938023328781128,5,3.1103415,15.818265
201705,吉林省人民政府关于印发吉林省“十三五”节能减排综合实施方案的通知,吉林,0.5816994905471802,3,-2.6750586,16.249584
201702,吉林省人民政府办公厅关于石化产业调结构促转型增效益的实施意见,吉林,0.5999484062194824,4,12.63518,-9.123764
201702,吉林省人民政府办公厅关于印发吉林省“十三五”控制温室气体排放工作方案的通知,吉林,0.566315770149231,4,-3.2246714,16.46631
201605,吉林省人民政府办公厅关于推进普惠金融发展的实施意见,吉林,0.5188450217247009,4,-16.65324,-42.55565
201603,吉林省人民政府办公厅关于成立吉林省煤炭行业化解过剩产能实现脱困发展工作领导小组的通知,吉林,0.5538433194160461,5,44.41618,-4.6905303
201604,吉林省人民政府办公厅关于落实“三去一降一补”任务实施定向精准调控稳定经济增长的意见,吉林,0.565366804599762,4,13.6939335,-8.023963
201509,吉林省人民政府办公厅关于转发省管局吉林省公共机构节约能源资源考核工作规程的通知(吉政办明电〔２０１５〕６５号),吉林,0.5376878380775452,5,-10.173188,31.298538
201506,吉林省人民政府办公厅关于推行环境污染第三方治理的实施意见,吉林,0.5059091448783875,2,-37.93872,12.707495
201502,吉林省人民政府办公厅关于加快建立有利于生态文明建设投融资机制的实施意见(吉政办发〔２０１５〕６号),吉林,0.579329788684845,5,-28.438469,-28.549578
201412,吉林省人民政府办公厅关于开展排污权有偿使用和交易试点工作的实施意见,吉林,0.5641788244247437,5,-38.116306,14.275347
201409,吉林省人民政府办公厅关于印发吉林省2014－2015年节能减排低碳发展实施方案的通知,吉林,0.6126803159713745,3,-2.76233,16.336021
201408,吉林省人民政府办公厅关于吉林省生态城镇化的实施意见(吉政办发〔２０１４〕３２号),吉林,0.5088863968849182,2,-3.9720583,-0.42438757
201407,吉林省人民政府关于印发吉林省2014年主要污染物总量减排计划的通知,吉林,0.5467876195907593,2,-33.531723,30.510237
201406,吉林省人民政府办公厅关于金融服务“三农”发展的实施意见(吉政办发〔２０１４〕２３号),吉林,0.5290431380271912,5,-27.444284,-29.045532
201406,吉林省人民政府办公厅关于贯彻落实全国资源型城市可持续发展规划（２０１３－２０２０年）的实施意见(吉政办发〔２０１４〕２０号),吉林,0.5515908002853394,4,-3.686787,-1.1815239
201405,吉林省人民政府办公厅关于进一步加强煤矿安全生产工作的实施意见(吉政办发〔２０１４〕１８号),吉林,0.5070692896842957,6,49.277775,-1.3532436
201403,吉林省人民政府办公厅关于印发吉林省金融支持经济结构调整和转型升级工作实施方案的通知(吉政办发〔２０１４〕１１号),吉林,0.5297409892082214,4,-16.08786,-43.1676
201312,吉林省人民政府办公厅关于金融支持民营经济和小微企业发展的实施意见(吉政办发〔２０１３〕４９号),吉林,0.5055788159370422,5,-27.561134,-29.519903
201311,吉林省人民政府办公厅关于深化电煤市场化改革的实施意见(吉政办发〔２０１３〕４２号),吉林,0.5689916610717773,5,37.076973,4.3625927
201310,吉林省人民政府办公厅关于进一步推进建筑废弃物综合利用工作的意见(吉政办发〔２０１３〕４１号),吉林,0.5279722809791565,1,-25.172451,-6.281093
201305,吉林省人民政府办公厅关于转发省环保厅吉林省“十二五”主要污染物总量减排考核办法的通知,吉林,0.5357579588890076,2,-32.852005,30.012787
201304,吉林省人民政府办公厅关于转发省住房城乡建设厅省发展改革委吉林省绿色建筑行动方案的通知(吉政办发〔２０１３〕１３号),吉林,0.6302534341812134,1,-12.300696,4.458488
201212,吉林省人民政府办公厅关于进一步推进机动车污染减排工作的意见,吉林,0.5180706977844238,2,-28.412449,-25.186174
201211,吉林省人民政府办公厅关于转发省发展改革委加快推进煤矿企业兼并重组工作实施方案的通知,吉林,0.5320795178413391,6,46.018253,-3.3229094
201208,吉林省人民政府办公厅转发省住房城乡建设厅关于进一步加强全省城市供热管理工作意见的通知(吉政办发〔２０１２〕５２号),吉林,0.5087788701057434,5,3.7771225,16.662868
201202,吉林省人民政府办公厅关于印发吉林省能源发展和能源保障体系建设“十二五”规划的通知,吉林,0.5951403975486755,5,-0.6263932,14.235736
201202,吉林省人民政府办公厅关于印发吉林省节能“十二五”规划的通知,吉林,0.5199422240257263,5,2.9716132,28.607067
201107,吉林省人民政府办公厅关于提升特色资源产业的实施意见,吉林,0.5035600066184998,4,-2.236004,-1.4377749
201011,吉林省人民政府办公厅转发省工信厅关于吉林省淘汰落后产能工作实施方案的通知(吉政办明电 〔２０１０〕１４６号),吉林,0.5537241101264954,4,12.47512,-7.968584
201011,吉林省人民政府办公厅转发省发展改革委等部门关于加快推行合同能源管理促进节能服务产业发展若干规定的通知,吉林,0.5259135365486145,3,-10.08431,30.125021
201010,吉林省人民政府办公厅转发省金融办关于统筹推进吉林特色城镇化加强金融支持意见的通知,吉林,0.5064418911933899,4,-16.480816,-43.06737
201001,吉林省人民政府办公厅关于进一步推进矿产资源勘查开发整合工作的意见,吉林,0.5150095224380493,6,48.69643,-5.361506
201001,吉林省人民政府办公厅关于做好城市居民供热保障工作的紧急通知(吉政办明电〔２０１０〕５号),吉林,0.5304334163665771,5,3.586975,16.282814
200903,吉林省人民政府办公厅关于印发吉林省能源局主要职责内设机构和人员编制规定的通知,吉林,0.6124346852302551,5,39.936974,-27.222229
200903,吉林省人民政府办公厅关于印发吉林省发展和改革委员会主要职责内设机构和人员编制规定的通知,吉林,0.5737076997756958,5,39.849236,-27.258286
200902,吉林省人民政府办公厅转发省发展改革委关于推进今明两年全省重大项目谋划建设工作实施意见的通知,吉林,0.5010496377944946,4,-2.0181253,-1.9569548
200801,吉林省人民政府办公厅关于加快推进全省煤炭资源整合工作的通知(吉政办明电〔2008〕9号),吉林,0.5752010941505432,5,48.105152,-4.4257646
200801,吉林省人民政府办公厅关于参加第一次全国污染源普查电视电话会议的通知(吉政办明电〔2008〕2号),吉林,0.5068129897117615,5,-35.052685,-1.0836315
200711,吉林省人民政府办公厅转发省煤炭资源整合工作领导小组办公室关于加强小煤矿安全基础管理实施意见的通知（吉政办明电〔2007〕143号）,吉林,0.5023833513259888,6,49.52745,-1.9921272
200709,吉林省人民政府办公厅关于２００７年上半年全省主要污染物总量减排指标完成情况的通报(吉政办明电〔2007〕113号),吉林,0.545833945274353,2,-33.483463,30.425266
200706,吉林省人民政府关于各市(州)人民政府非煤炭矿产资源整合工作实施方案的批复(吉政函〔２００７〕81号),吉林,0.535395622253418,5,48.469284,-5.2272773
200702,吉林省人民政府办公厅转发省经委关于吉林省2007年工业节能降耗工作实施意见的通知(吉政办明电〔2007〕24号),吉林,0.5625886917114258,5,-7.737011,-0.44567326
200701,吉林省人民政府办公厅关于检查考核2006年度政府环境保护目标责任制工作完成情况的通知(吉政办明电〔2007〕2号),吉林,0.5045653581619263,5,-28.492764,-24.521633
200611,吉林省人民政府办公厅转发省煤炭资源整合工作领导小组办公室关于煤炭资源整合方案审查及下一步工作实施意见的通知(吉政办明电〔2006〕143号),吉林,0.5358924865722656,5,47.2545,-5.271322
200611,吉林省人民政府办公厅关于进一步做好矿产资源开发秩序专项整治工作的通知(吉政办明电〔2006〕139号),吉林,0.5126482248306274,5,49.5886,-5.3222365
200611,吉林省人民政府办公厅关于完善差别电价政策的通知(吉政办明电〔2006〕130号),吉林,0.5410290360450745,5,4.507419,15.31216
200607,吉林省人民政府办公厅转发省建设厅等部门关于推进吉林省城镇供热体制改革实施意见的通知(吉政办明电〔2006〕74号),吉林,0.5070303082466125,5,4.1460896,15.855114
200607,吉林省人民政府办公厅关于贯彻落实国家调整住房供应结构稳定住房价格相关政策的紧急通知(吉政办明电〔2006〕71号),吉林,0.5159502029418945,5,7.1777735,-47.919605
200606,吉林省人民政府办公厅关于转发省环保局等部门制定的2006年整治违法排污企业保障群众健康环保专项行动工作方案的通知(吉政办明电〔2006〕58号),吉林,0.505842387676239,2,-36.945477,-0.50709057
200605,吉林省人民政府办公厅转发省发展改革委等部门关于深化水价改革促进节约用水保护水资源实施意见的通知(吉政办明电〔2006〕57号),吉林,0.5152190327644348,5,2.501201,6.953677
200511,吉林省人民政府办公厅转发省金融办中国人民银行长春中心支行关于加强吉林省金融生态环境建设意见的通知,吉林,0.5415686368942261,5,-28.13387,-28.819315
200508,吉林省人民政府办公厅转发省建设厅关于进一步推进墙体材料革新和推广节能建筑意见的通知(吉政办发〔2005〕32号),吉林,0.5407300591468811,1,-8.602519,0.319594
200501,吉林省人民政府办公厅转发省发改委等部门关于加快推行清洁生产意见的通知,吉林,0.5567107200622559,5,-36.25585,-1.5394293
200402,吉林省人民政府办公厅转发省环保局等部门关于全省清理整顿不法排污企业保障群众健康环保行动完成情况报告的通知,吉林,0.5005151629447937,2,-36.64871,-0.95673966
200312,吉林省人民政府关于促进房地产市场持续健康发展的实施意见,吉林,0.5025200843811035,5,6.641095,-47.87508
202504,海南省人民政府办公厅关于印发《海南省“绿美自贸港”三年行动方案（2025—2027年）》的通知,海南,0.501375675201416,2,-51.647686,14.00783
202112,海南省人民政府办公厅关于加快建立健全绿色低碳循环发展经济体系的实施意见,海南,0.600202202796936,4,-7.941921,11.5214
202101,海南省人民政府办公厅关于加快推进清洁生产工作的指导意见,海南,0.5222259163856506,4,-39.88096,22.192476
201912,海南省人民政府办公厅关于印发海南省加强红树林保护修复实施方案的通知,海南,0.5413057208061218,5,-53.085217,10.677329
201903,海南省人民政府办公厅关于印发海南省清洁能源汽车推广2019年行动计划的通知,海南,0.5375170707702637,5,10.734317,20.15594
201901,海南省人民政府办公厅关于印发海南省推进运输结构调整工作实施方案的通知,海南,0.5445175170898438,5,-5.4911427,-7.2077155
201901,海南省人民政府办公厅关于加强大气污染防治“六个严禁两个推进”工作的通知,海南,0.5167606472969055,2,-39.037724,22.990103
201812,海南省人民政府办公厅关于同意建立生态修复城市修补工作联席会议制度的函,海南,0.549079954624176,5,-54.350163,11.13127
201808,海南省人民政府办公厅关于印发海南省煤电油气运综合协调应急预案的通知,海南,0.5091570615768433,5,31.759275,8.437427
201804,海南省人民政府办公厅关于印发海南省绿色金融改革发展实施方案的通知,海南,0.6611918210983276,4,-21.769554,-39.38671
201803,海南省人民政府办公厅关于2017年海南省提升电网供电保障和抗灾能力三年行动计划工作考核结果的通报,海南,0.503944456577301,5,30.785925,8.289619
201711,海南省人民政府办公厅关于印发海南省主要污染物排污权有偿使用和交易管理办法的通知,海南,0.5219826698303223,5,-39.338207,17.376139
201711,海南省人民政府办公厅关于加强冬春大气污染防治工作的通知,海南,0.5084777474403381,2,-38.851997,23.140375
201709,海南省人民政府办公厅关于印发海南省湿地保护修复制度实施方案的通知,海南,0.5744246244430542,2,-62.07428,5.349688
201704,海南省人民政府办公厅关于印发海南省“ 十三五”能源发展规划的通知,海南,0.541486918926239,5,-2.748185,11.332138
201703,海南省人民政府办公厅关于印发海南省低碳制造业“ 十三五”发展规划指导意见的通知,海南,0.5512033700942993,5,-3.678209,11.072405
201702,海南省人民政府办公厅关于印发《海南省2017年大气污染防治专项整治工作方案》等六个方案的通知,海南,0.5107801556587219,2,-50.73611,15.55114
201609,海南省人民政府办公厅关于推进普惠金融发展的实施意见,海南,0.5145472288131714,4,-17.034882,-36.546112
201608,海南省人民政府办公厅关于印发海南省低碳制造业发展专项资金管理暂行办法的通知,海南,0.5632911324501038,5,-4.7803764,10.699371
201607,海南省人民政府办公厅关于印发海南省金融精准扶贫工作措施的通知,海南,0.5026527047157288,4,-17.64281,-36.795956
201607,海南省人民政府办公厅关于促进建材工业稳增长调结构增效益的实施意见,海南,0.5388681888580322,4,16.469292,-3.747103
201607,海南省人民政府办公厅关于加快发展节能环保产业的实施意见,海南,0.5840941071510315,3,-6.6350408,13.378789
201605,海南省人民政府办公厅关于印发2016年度海南省生态文明建设工作要点的通知,海南,0.5290530323982239,2,-50.974064,13.301642
201605,海南省人民政府办公厅关于印发海南省排污权有偿使用和交易工作方案的通知,海南,0.5533410906791687,5,-39.44411,17.48003
201604,海南省人民政府办公厅关于2015年度全省主要污染物总量减排工作考核结果的通报,海南,0.5349841713905334,2,-28.901243,33.154438
201604,海南省人民政府办公厅关于印发海南省加强节能标准化工作实施方案的通知,海南,0.5580407977104187,3,-21.796595,35.6526
201603,海南省人民政府办公厅关于印发海南省燃煤电厂超低排放和节能改造实施方案的通知 ,海南,0.5582428574562073,5,-26.528502,34.875523
201602,海南省人民政府办公厅关于印发海南省促进建筑产业现代化发展指导意见的通知,海南,0.5030474662780762,1,-16.735706,-2.0945013
201602,海南省人民政府办公厅关于表彰2015年度生态省建设工作优秀市县的通报,海南,0.5057883858680725,2,-50.808846,13.85569
201601,海南省人民政府办公厅关于做好2015年度及十二五有关环保指标任务实施情况核查工作的通知,海南,0.5445469617843628,2,-29.327341,32.751698
201507,海南省人民政府办公厅关于调整部分资源税税率及开征海砂资源税的通知,海南,0.5157455205917358,5,40.198265,7.16694
201505,海南省人民政府办公厅关于加强节约用电工作的通知,海南,0.5306258797645569,5,-19.702871,35.412987
201504,海南省人民政府办公厅关于印发2015年度海南省生态文明建设工作要点的通知,海南,0.5166922211647034,2,-50.643692,13.188826
201503,海南省人民政府办公厅关于印发海南省2015年度主要污染物总量减排计划的通知,海南,0.5473434329032898,2,-27.704885,32.839333
201503,海南省人民政府办公厅关于印发海南省2015年金融改革创新指导意见的通知,海南,0.5073437094688416,4,-16.870243,-35.982235
201411,海南省人民政府办公厅关于印发海南省“ 十二五”主要污染物总量减排考核办法等3个办法的通知,海南,0.5314525961875916,2,-28.613932,32.41713
201410,海南省人民政府办公厅关于印发海南省2014—2015年节能减排低碳发展行动方案的通知,海南,0.6292337775230408,3,-24.23365,34.291824
201408,海南省人民政府办公厅关于印发海南省大气污染防治行动计划实施细则重点部门分工方案的通知,海南,0.5635222792625427,2,-26.71064,34.653473
201406,海南省人民政府办公厅关于印发海南省水泥工业结构调整方案（2013—2017年）的通知,海南,0.527442216873169,4,17.157495,-3.4915237
201404,海南省人民政府办公厅关于印发海南省节能减排综合示范试点实施方案的通知,海南,0.6110517978668213,3,-23.192839,34.625366
201403,海南省人民政府办公厅关于印发2014年度海南生态省建设工作要点的通知,海南,0.5351038575172424,2,-52.191013,12.473225
201401,海南省人民政府办公厅关于进一步加强城镇污水处理工作的通知,海南,0.504776656627655,2,-38.65438,20.230152
201311,海南省人民政府办公厅关于做好灾后恢复生产工作的通知,海南,0.5036658048629761,5,-55.704277,13.82554
201311,海南省人民政府办公厅关于全力推进“ 十二五”主要污染物总量减排工作的通知,海南,0.5550358295440674,2,-27.935518,32.990585
201305,海南省人民政府办公厅关于印发2013年度主要污染物总量减排工作计划的通知,海南,0.5591738224029541,2,-27.524178,32.91652
201305,海南省人民政府办公厅关于印发贯彻落实质量发展纲要2013年行动计划任务分解表的通知,海南,0.5200740694999695,5,-23.696167,36.4104
201302,海南省人民政府办公厅关于金融支持海洋经济发展的指导意见,海南,0.5220875144004822,4,-17.563574,-35.122143
201302,海南省人民政府办公厅关于金融支持海洋经济发展的指导意见,海南,0.5224204063415527,4,-17.590902,-35.13132
201210,海南省人民政府办公厅关于印发海南省发展新型墙体材料产业指导意见的通知,海南,0.5059066414833069,5,-16.934471,-2.0588326
201209,海南省人民政府办公厅关于成立海南省中瑞绿色发展技术示范园申报工作领导小组的通知,海南,0.5045032501220703,5,-48.344566,14.135084
201208,海南省人民政府办公厅转发省林业厅关于加快海南林业科技发展若干意见的通知,海南,0.5181867480278015,5,-50.278927,10.459656
201208,海南省人民政府办公厅关于建立保护发展森林资源目标责任制的通知,海南,0.5018473267555237,2,-51.631226,9.92015
201202,"海南省人民政府办公厅关于印发海南省
2012年金融服务项目建设年和金融
改革创新指导意见的通知",海南,0.5010446906089783,4,-16.62896,-35.82435
201202,海南省人民政府办公厅关于印发海南省公共机构节能“ 十二五”规划和海南省公共机构既有建筑节能改造总体方案的通知,海南,0.5879241228103638,3,-22.20495,34.83178
201111,"海南省人民政府办公厅转发
省发展改革委省财政厅省交通运输厅
关于进一步完善投融资政策促进普通公路
持续健康发展实施意见的通知",海南,0.5098353624343872,5,-7.937294,-32.65568
201105,"海南省人民政府办公厅关于印发
2011年度海南生态省建设工作意见的通知",海南,0.5829556584358215,2,-49.62704,13.188222
201009,海南省人民政府办公厅关于印发2010年度海南生态省建设工作意见的通知,海南,0.5738511681556702,2,-49.885094,12.77318
200906,"海南省人民政府办公厅关于印发
节能统计指标体系和监测体系实施方案的通知",海南,0.5671825408935547,5,-22.85904,36.511086
200902,海南省人民政府办公厅关于印发海南省贯彻《公共机构节能条例》实施方案的通知,海南,0.5794824957847595,3,-21.66142,35.221184
200810,海南省人民政府办公厅转发省发展和改革委员会省建设厅省科技厅关于推动海南省太阳能规模化利用实施意见的通知,海南,0.5262285470962524,5,-5.498698,12.800236
200809,"海南省人民政府办公厅关于印发
海南省主要污染物总量减排考核办法的通知",海南,0.554394543170929,2,-28.915388,31.828062
200809,海南省人民政府办公厅关于印发海南省节能目标责任评价考核暂行办法的通知,海南,0.5650151371955872,3,-22.342863,36.41514
200807,海南省人民政府办公厅关于加快推进全省城镇生活污水处理设施建设的实施意见,海南,0.5221400260925293,2,-32.205963,6.7507195
200806,"海南省人民政府办公厅转发省政府金融办、
人行海口中心支行、海南银监局、海南证监局、
海南保监局关于金融支持社会主义新农村建设指导意见的通知",海南,0.5150821208953857,4,-17.888111,-37.117058
200805,"海南省人民政府办公厅关于印发
2008年度海南生态省建设工作意见的通知",海南,0.5834861993789673,2,-49.254467,12.73359
200802,"海南省人民政府办公厅关于
保障市场供应加强价格监管的实施意见",海南,0.5095911622047424,5,9.171091,-43.137424
200708,"海南省人民政府办公厅关于
严格执行公共建筑空调温度控制标准的通知",海南,0.5092376470565796,5,-20.200338,35.35068
200708,"海南省人民政府办公厅印发
《 2007年度海南生态省建设工作意见》的通知",海南,0.5533737540245056,2,-51.16028,11.981613
200707,"海南省人民政府办公厅关于
印发矿产资源开发整合总体方案的通知",海南,0.5233259797096252,6,53.332893,-9.225487
200704,海南省人民政府办公厅关于加强建筑节能工作的通知,海南,0.594724178314209,1,-11.6645565,6.5777936
200701,"海南省人民政府办公厅关于下达十一五期间
市县单位生产总值能源消耗降低指标计划和
重点耗能企业能源消耗降低指标计划的通知",海南,0.6322393417358398,5,-6.418924,25.403347
200612,"海南省人民政府办公厅
关于完善差别电价政策的通知",海南,0.6045070886611938,5,30.519255,18.428846
200612,"海南省人民政府办公厅关于印发海南省
落实十一五期间主要污染物排放总量控制指标工作方案的通知",海南,0.5443543195724487,2,-27.734676,32.083897
200610,"海南省人民政府办公厅关于
成立海南西部燃煤电厂项目领导小组的通知",海南,0.5409930348396301,5,24.18639,3.1067357
200610,"海南省人民政府办公厅转发国务院办公厅关于
内蒙古自治区人民政府制止违规建设电站不力并酿成重大事故通报的通知",海南,0.5844123959541321,5,21.0774,-25.897251
200608,"海南省人民政府办公厅关于印发海南省省级
森林生态效益补偿实施方案的通知",海南,0.512535810470581,2,-52.29254,10.329468
200606,"海南省人民政府办公厅关于印发
2006年度海南生态省建设工作意见的通知",海南,0.5459632277488708,2,-51.37255,11.905718
200606,海南省人民政府办公厅关于开展新农村建设专项检查的通知,海南,0.525526762008667,5,-13.650401,-19.245245
200606,"海南省人民政府办公厅关于推进
成品油价格形成机制综合改革工作的通知",海南,0.5141666531562805,5,36.883396,-11.409139
200606,海南省人民政府办公厅关于印发2006年度海南生态省建设工作意见的通知,海南,0.5408152341842651,2,-51.40658,12.247509
200604,海南省人民政府办公厅关于海南西环铁路提速改造工程“三电”迁改费用问题的复函,海南,0.5015239715576172,5,25.406551,3.2561643
200604,海南省人民政府办公厅关于参加第六次全国环境保护电视电话会议的通知,海南,0.5462862253189087,5,-33.896744,3.6798637
200604,海南省人民政府办公厅关于报送开发性金融合作进展情况的通知,海南,0.505634605884552,5,-17.534126,-38.778023
200603,海南省人民政府办公厅关于贯彻落实第三届中国环境与发展国际合作委员会第四次会议给中国政府的政策建议的通知,海南,0.5775187015533447,5,-33.874397,3.3109715
200603,海南省人民政府办公厅关于举办防止外来生物入侵与海南生态省建设报告会的通知,海南,0.5142859220504761,5,-54.664722,13.469714
200603,海南省人民政府办公厅关于邀请宋大祥院士来琼作学术报告的函,海南,0.5139486789703369,5,-54.60672,13.466663
200603,"海南省人民政府办公厅关于深入开展整治违法排污企业
保障群众健康环保专项行动的通知",海南,0.5201332569122314,2,-38.037216,0.79082143
200603,"海南省人民政府办公厅转发省减轻企业负担工作协调
小组办公室关于２００５年企业
治乱减负工作实施方案的通知",海南,0.5031634569168091,5,4.261734,-18.376616
200603,海南省人民政府办公厅关于印发改善金融服务优化投资环境活动实施方案的通知,海南,0.5026775002479553,4,-16.227385,-35.383034
200603,海南省人民政府办公厅关于印发2005年海南生态省建设计划的通知,海南,0.5288965702056885,2,-51.893467,11.833376
200601,转发省发展与改革厅关于做好2005年电力迎峰度夏工作意见的通知,海南,0.5713110566139221,5,30.633259,9.5297785
202506,天津市人民政府办公厅关于印发天津市碳排放权交易管理暂行办法的通知,天津,0.617032527923584,5,-18.925982,15.555272
202411,天津市人民政府关于天津市大气环境质量达标规划的批复,天津,0.5134978294372559,5,-23.166018,12.840852
202401,天津市人民政府办公厅关于印发天津市低效用地再开发试点工作实施方案的通知,天津,0.5200867652893066,5,-21.72603,-6.8072352
202305,天津市人民政府关于天津市国土空间生态修复规划（2021—2035年）的批复,天津,0.5131099820137024,5,-21.728172,10.473761
202302,天津市人民政府关于调整高污染燃料禁燃区范围的通告,天津,0.5258582234382629,5,-23.302137,16.671373
202302,天津市人民政府办公厅关于印发天津市重点污染物排放总量控制管理办法（试行）的通知,天津,0.511327862739563,2,-20.94029,14.712655
202301,天津市人民政府关于印发天津市废旧物资循环利用体系建设实施方案的通知,天津,0.5077596306800842,4,-22.476662,-7.2360377
202209,天津市人民政府关于印发天津市碳达峰实施方案的通知,天津,0.5691705346107483,4,-15.828423,14.83142
202205,天津市人民政府关于印发天津市“十四五”节能减排工作实施方案的通知,天津,0.580889880657196,3,-15.71815,15.561196
202203,天津市人民政府关于印发天津市加快建立健全绿色低碳循环发展经济体系实施方案的通知,天津,0.6242180466651917,4,-15.818872,14.14319
202201,天津市人民政府办公厅关于印发天津市生态环境保护“十四五”规划的通知,天津,0.5104550719261169,2,-23.513494,11.884598
202006,天津市人民政府办公厅关于印发天津市碳排放权交易管理暂行办法的通知,天津,0.5758461356163025,5,-19.32319,16.536972
202001,天津市人民政府办公厅关于印发天津市氢能产业发展行动方案（2020—2022年）的通知,天津,0.505882203578949,4,8.186609,10.21674
201811,天津市人民政府关于扩大高污染燃料禁燃区范围的通告,天津,0.511171281337738,5,-23.334,16.648556
201810,天津市人民政府办公厅关于印发天津市新能源产业发展三年行动计划（2018—2020年）的通知,天津,0.5334485769271851,0,8.186079,10.242143
201810,天津市人民政府办公厅关于印发《天津市2018—2019年秋冬季大气污染综合治理攻坚行动方案》的通知,天津,0.5032698512077332,2,-23.002842,15.113962
201806,天津市人民政府办公厅关于印发天津市碳排放权交易管理暂行办法的通知,天津,0.5779187083244324,5,-19.308046,16.504969
201803,天津市绿色建筑管理规定,天津,0.6046701073646545,1,-16.552162,3.6199713
201711,天津市人民政府关于印发天津市居民冬季清洁取暖工作方案的通知,天津,0.5546498894691467,5,-23.032194,15.285022
201711,天津市人民政府办公厅关于印发天津石化产业调结构促转型增效益实施方案的通知,天津,0.5707781910896301,4,12.646909,-12.934813
201710,天津市人民政府办公厅转发市建委关于促进我市建筑业持续健康发展实施意见的通知,天津,0.5027814507484436,1,-13.240139,-3.7785363
202309,"广东省人民政府办公厅关于鼓励和支持社会资本参与生态保护修复的实施意见
                    ",广东,0.5863314867019653,2,-58.2046,2.991127
202110,"广东省人民政府关于印发广东省生态文明建设“十四五”规划的通知
                    ",广东,0.5412229895591736,5,-25.16046,24.280577
201903,"广东省人民政府办公厅关于印发广东省推进运输结构调整实施方案的通知
                    ",广东,0.5415933132171631,5,-6.339049,-6.443152
201812,"广东省人民政府关于印发广东省促进天然气利用实施方案的通知
                    ",广东,0.5248715877532959,5,28.139532,-3.0642383
201805,"广东省人民政府办公厅关于印发广东省广州市建设绿色金融改革创新试验区实施细则的通知
                    ",广东,0.6401210427284241,4,-23.66023,-41.75869
201803,"广东省人民政府办公厅关于2017年度全省森林资源保护和发展目标责任制考核结果的通报
                    ",广东,0.5063650608062744,2,-50.504734,7.6389604
201707,"广东省人民政府关于转发《中国人民银行等七部委关于印发〈广东省广州市建设绿色金融改革创新试验区总体方案〉的通知》的通知
                    ",广东,0.6085963249206543,4,-23.680704,-41.809322
201707,"广东省人民政府办公厅关于建立预防与打击违法处理垃圾行为长效机制的意见
                    ",广东,0.5012761950492859,2,-26.498203,-6.317984
201706,"广东省人民政府办公厅转发国务院办公厅关于创新管理优化服务培育壮大经济发展新动能加快新旧动能接续转换意见的通知
                    ",广东,0.5168840289115906,4,7.837472,1.6275928
201705,"广东省人民政府关于印发广东省“十三五”控制温室气体排放工作实施方案的通知
                    ",广东,0.5511649250984192,4,-20.478653,29.127523
201705,"广东省人民政府关于彻底淘汰我省钢铁行业落后产能及违规新增产能的通告
                    ",广东,0.5048367977142334,5,22.810469,-3.9382439
201705,"广东省人民政府办公厅关于印发广东省控制污染物排放许可制实施计划的通知
                    ",广东,0.5204069018363953,2,-33.03074,15.664661
201702,"广东省人民政府办公厅转发国务院办公厅关于江苏华达钢铁有限公司和河北安丰钢铁有限公司违法违规行为调查处理情况通报的通知
                    ",广东,0.5223917365074158,5,23.805592,-6.463892
201701,"广东省人民政府办公厅关于印发广东省生态文明建设“十三五”规划的通知
                    ",广东,0.505075991153717,5,-25.358578,24.248272
201701,"广东省人民政府办公厅转发国务院办公厅关于建立统一的绿色产品标准、认证、标识体系意见的通知
                    ",广东,0.5335003137588501,4,-16.498648,-9.745089
201612,"广东省人民政府办公厅关于健全生态保护补偿机制的实施意见
                    ",广东,0.5092188715934753,2,-55.484695,6.741187
201611,"广东省人民政府办公厅关于营造良好市场环境促进有色金属工业调结构促转型增效益的实施意见
                    ",广东,0.5406468510627747,4,15.806405,-11.059061
201610,"广东省人民政府办公厅转发国务院办公厅关于石化产业调结构促转型增效益指导意见的通知
                    ",广东,0.5711262822151184,4,13.21757,-11.358888
201610,"广东省人民政府办公厅关于促进建材工业稳增长调结构增效益的实施意见
                    ",广东,0.5109976530075073,4,15.465677,-3.6918452
201602,"广东省人民政府关于印发广东省供给侧结构性改革总体方案（2016—2018年）及五个行动计划的通知
                    ",广东,0.5476251244544983,4,8.83792,0.80626214
201508,"广东省人民政府关于同意调整阳江核电项目近岸海域环境功能区划的批复
                    ",广东,0.5034374594688416,5,-24.139595,21.242167
201504,"广东省人民政府办公厅关于成立省油气输送管道安全隐患整改工作领导小组的通知
                    ",广东,0.5142377614974976,5,38.912674,-19.2023
201503,"广东省人民政府关于印发广东省工业转型升级攻坚战三年行动计划（2015-2017年）的通知
                    ",广东,0.5003325343132019,4,7.5478764,-0.16266134
201503,"广东省人民政府办公厅转发国务院办公厅关于推行环境污染第三方治理意见的通知
                    ",广东,0.5096795558929443,2,-36.438828,12.234254
201412,"广东省人民政府办公厅关于成立广东省绿色交通省创建工作领导小组的通知
                    ",广东,0.5049469470977783,5,-1.4791443,-50.144573
201410,"广东省人民政府办公厅关于印发广东省2014-2015年节能减排低碳发展行动方案的通知
                    ",广东,0.6298295259475708,3,-18.948378,29.180693
201410,"广东省人民政府办公厅关于推动新一轮技术改造促进产业转型升级的意见
                    ",广东,0.5151907801628113,4,7.5920477,0.3600505
201409,"广东省人民政府办公厅转发国务院办公厅关于加快新能源汽车推广应用指导意见的通知
                    ",广东,0.5115488767623901,0,12.947196,19.096842
201408,"广东省人民政府办公厅关于调整省应对气候变化及节能减排工作领导小组组成人员的通知
                    ",广东,0.5767521262168884,5,0.24950927,-50.277897
201408,"广东省人民政府办公厅关于促进节能环保产业发展的意见
                    ",广东,0.5900652408599854,3,-19.924673,24.99681
201404,"广东省人民政府关于印发加快我省循环经济发展实施方案的通知
                    ",广东,0.5405462384223938,4,-18.215532,24.26324
201404,"广东省人民政府办公厅关于调整珠江三角洲区域大气污染防治联席会议组成人员的通知
                    ",广东,0.5058826208114624,5,-0.7264038,-49.9326
201403,"广东省人民政府办公厅关于促进光伏产业健康发展的实施意见
                    ",广东,0.5168673396110535,4,14.958741,19.624056
201311,"广东省人民政府办公厅关于印发广东省绿色建筑行动实施方案的通知
                    ",广东,0.6333121657371521,1,-12.803005,2.654446
201311,"广东省人民政府办公厅关于印发广东省“十二五” 后半期主要污染物总量减排行动计划的通知
                    ",广东,0.540398120880127,2,-24.175426,28.164099
201310,"广东省人民政府办公厅关于印发支持和配合2013’中国国际绿色创新技术产品展工作方案的通知
                    ",广东,0.5872433185577393,5,-16.670599,-8.048799
201308,"广东省人民政府办公厅关于印发广东省“十二五”后半期节能行动计划的通知
                    ",广东,0.5887628793716431,3,-16.437366,30.285837
201308,"广东省人民政府办公厅关于印发加快推进广东省工业绿色发展战略实施方案的通知
                    ",广东,0.5784351229667664,4,-18.712084,24.619976
201302,"广东省人民政府办公厅转发国务院办公厅关于深化电煤市场化改革指导意见的通知
                    ",广东,0.5566301941871643,5,37.137722,3.6614203
201212,"广东省人民政府关于印发广东省“十二五”主要污染物总量减排实施方案的通知
                    ",广东,0.5737885236740112,2,-23.776327,28.188059
201212,"广东省人民政府关于印发广东省“十二五”主要污染物总量减排考核办法的通知
                    ",广东,0.5552912354469299,2,-25.015373,28.74886
201210,"广东省人民政府办公厅关于印发支持和配合2012’中国国际绿色创新技术产品展工作方案的通知
                    ",广东,0.59287428855896,5,-16.666388,-8.051406
201209,"广东省人民政府办公厅关于印发“十二五”重点行业（部门）节能工作任务分解方案的通知
                    ",广东,0.58263099193573,3,-17.161879,30.289316
201209,"广东省人民政府关于印发广东省碳排放权交易试点工作实施方案的通知
                    ",广东,0.6546846628189087,5,-20.810371,29.909187
201208,"广东省人民政府转发国务院关于印发“十二五”节能环保产业规划的通知
                    ",广东,0.5646080374717712,3,-20.222492,25.23192
201208,"广东省人民政府关于印发“十二五”控制温室气体排放工作实施方案的通知
                    ",广东,0.5640243887901306,4,-20.493681,29.125465
201208,"广东省人民政府转发国务院关于印发节能与新能源汽车产业发展规划（2012—2020年）的通知
                    ",广东,0.5436395406723022,0,12.435453,19.647789
201205,"关于推进我省稀土行业整合的意见
                    ",广东,0.5277084112167358,5,51.768284,-9.512551
201205,"印发广东省“十二五”节能减排综合性工作方案部门分工的通知
                    ",广东,0.627475380897522,3,-17.652954,30.206055
201205,"印发工业转型升级规划主要目标和重点任务分工落实方案的通知
                    ",广东,0.5111505389213562,4,7.159881,-1.0021782
201204,"印发广东省生态保护补偿办法的通知
                    ",广东,0.5038356184959412,2,-55.368755,6.9393973
201204,"印发关于加快我省环保产业发展意见的通知
                    ",广东,0.5614669322967529,4,-19.720467,23.924505
201203,"印发广东省“十二五”节能减排综合性工作方案的通知
                    ",广东,0.6313483119010925,3,-17.907162,29.324808
201203,"转发国务院关于印发工业转型升级规划（2011—2015年）的通知
                    ",广东,0.5289226770401001,4,7.2704844,-0.6648842
201202,"关于同意授予佛山市省林业生态市称号的批复
                    ",广东,0.5030739903450012,5,-49.2275,8.276977
201201,"转发国务院关于坚持科学发展安全发展促进安全生产形势持续稳定好转意见的通知
                    ",广东,0.565968930721283,6,2.2843578,-31.499344
201201,"转发国务院关于印发国家环境保护“十二五”规划的通知
                    ",广东,0.5307776927947998,2,-24.022024,25.032814
201110,"关于进一步加大节能工作力度确保完成“十二五”节能任务的意见
                    ",广东,0.589695930480957,3,-15.613736,29.467335
201110,"印发广东省“十二五”期间单位生产总值能源消耗降低指标计划分解方案的通知
                    ",广东,0.5761284232139587,5,-17.009989,31.177612
201108,"关于建设生态景观林带构建区域生态安全体系的意见
                    ",广东,0.5083974599838257,5,-49.89764,8.2068205
201108,"印发广东省环境保护和生态建设“十二五”规划的通知
                    ",广东,0.5389262437820435,2,-24.026123,24.370558
201107,"转发国务院办公厅转发发展改革委财政部交通运输部关于进一步完善投融资政策促进普通公路持续健康发展若干意见的通知
                    ",广东,0.5040571093559265,5,-7.720634,-32.46899
201106,"关于建立广东省清洁生产联席会议制度的通知
                    ",广东,0.508556067943573,5,-1.1958725,-49.31513
201101,"印发广东省应对气候变化方案的通知
                    ",广东,0.5161759257316589,4,-20.711018,28.333828
201105,"关于加强和改进政府服务促进企业转型升级的若干意见
                    ",广东,0.5165463089942932,4,7.4373975,2.1132722
201104,"关于建立省淘汰落后产能工作联席会议的通知
                    ",广东,0.5242074131965637,5,-1.3296633,-48.677532
201010,"印发广东省进一步加强淘汰落后产能工作实施方案的通知
                    ",广东,0.569408655166626,5,22.92482,-2.8227289
201010,"关于印发省核电建设联席会议第一次会议纪要的通知
                    ",广东,0.5318891406059265,5,23.400614,3.8666909
201009,"转发省经济和信息化委关于加快推行合同能源管理促进节能服务产业发展实施意见的通知
                    ",广东,0.5680610537528992,3,-11.495579,29.28672
201009,"关于建立省“西电东送”工作联席会议制度的通知
                    ",广东,0.5160749554634094,5,23.030895,3.1906664
201008,"关于建立广东省核电建设联席会议制度的通知
                    ",广东,0.5010485649108887,5,23.304216,3.5876558
201008,"关于进一步加大工作力度确保完成“十一五”节能减排任务的通知
                    ",广东,0.6140065789222717,3,-16.366259,29.342657
201008,"印发《珠江三角洲环境保护一体化规划（2009-2020年）》的通知
                    ",广东,0.5172205567359924,2,-23.678484,22.859228
201008,"印发《珠江三角洲基础设施建设一体化规划（2009-2020年）》的通知
                    ",广东,0.5015023946762085,5,-11.036209,-12.489664
201007,"转发国务院办公厅转发环境保护部等部门关于推进大气污染联防联控工作改善区域空气质量指导意见的通知
                    ",广东,0.5177420973777771,2,-28.841812,17.502712
201006,"关于成立省应对气候变化及节能减排工作领导小组的通知
                    ",广东,0.556553840637207,5,0.34742177,-50.293076
201004,"关于调整省节能减排工作领导小组组成人员的通知
                    ",广东,0.5671263933181763,5,0.51217496,-50.340458
201003,"印发广东省电动汽车发展行动计划的通知
                    ",广东,0.5251838564872742,5,12.590518,19.614334
201003,"转发省经济和信息化委关于促进再生资源产业健康发展意见的通知
                    ",广东,0.5500495433807373,5,-18.113596,23.414865
200911,"转发国务院批转发展改革委等部门关于抑制部分行业产能过剩和重复建设引导产业健康发展若干意见的通知
                    ",广东,0.566074550151825,4,10.595816,-1.035753
200911,"印发广东省装备制造业调整和振兴规划实施意见的通知
                    ",广东,0.5003147125244141,4,8.258751,-1.4950613
200904,"关于积极应对国际金融危机保持外经贸稳定发展的意见
                    ",广东,0.5099448561668396,4,11.545837,2.0694072
200812,"印发广东省深入开展全民节能行动实施方案的通知
                    ",广东,0.5549268126487732,3,-13.91631,27.878674
200812,"转发国务院办公厅关于转发发展改革委等部门奶业整顿和振兴规划纲要的通知
                    ",广东,0.5027267932891846,5,11.19605,-1.3728497
200809,"转发国务院办公厅关于印发2008年节能减排工作安排的通知
                    ",广东,0.6500865817070007,3,-16.638702,28.869986
200809,"转发国务院办公厅关于深入开展全民节能行动的通知
                    ",广东,0.5720027089118958,3,-13.695772,27.841248
200808,"转发国务院批转发展改革委电监会关于加强电力系统抗灾能力建设若干意见的通知
                    ",广东,0.5542336106300354,5,27.9028,8.579478
200807,"广东省人民政府办公厅转发省经贸委关于加强当前全省煤电油运供应保障工作意见的通知
                    ",广东,0.564083993434906,5,29.111288,8.565224
200806,"广东省人民政府办公厅转发省信息产业厅经贸委关于加快推进我省信息化与工业化融合意见的通知
                    ",广东,0.5159715414047241,4,5.981903,1.1749793
200806,"广东省人民政府办公厅转发省发展改革委关于2008年经济体制改革意见的通知
                    ",广东,0.530207097530365,4,9.660878,2.1318781
200805,"印发广东省固定资产投资项目节能评估和审查暂行办法的通知
                    ",广东,0.5550109148025513,3,-5.5613704,35.734783
200805,"广东省人民政府办公厅印发广东省“十一五”主要污染物总量减排考核办法的通知
                    ",广东,0.5457621812820435,2,-25.029589,28.753939
200804,"广东省人民政府办公厅印发广东省单位GDP能耗考核体系实施方案的通知
                    ",广东,0.5503863096237183,3,-17.747578,31.671103
200803,"印发广东省机动车排气污染防治实施方案的通知
                    ",广东,0.5322970151901245,2,-29.05288,20.255379
200803,"印发广东省保障电力供应及安全工作方案的通知
                    ",广东,0.5196985006332397,5,28.121227,9.038256
200802,"印发广东省加快输电网工程建设激励办法（试行）的通知
                    ",广东,0.5021458864212036,5,25.61723,9.712095
200802,"转发国务院关于印发国家环境保护“十一五”规划的通知
                    ",广东,0.5582427978515625,2,-23.588446,25.69806
200801,"转发国务院批转节能减排统计监测及考核实施方案和办法的通知
                    ",广东,0.6064094305038452,2,-18.564589,31.074478
200712,"印发广东省“十一五”主要污染物总量减排工作方案的通知
                    ",广东,0.5617060661315918,2,-23.42339,28.150377
200711,"关于加快广东省电网建设的若干意见
                    ",广东,0.5262603163719177,5,25.771847,9.879302
200711,"广东省人民政府办公厅印发广东省主要矿产资源开发整合总体方案的通知
                    ",广东,0.5051658153533936,6,53.69164,-7.832521
200710,"转发国务院办公厅关于建立政府强制采购节能产品制度的通知
                    ",广东,0.5452571511268616,5,-12.658537,29.381668
200710,"印发广东省关停和淘汰落后钢铁生产能力实施方案的通知
                    ",广东,0.508567214012146,5,22.772856,-3.6990159
200709,"关于加快推进清洁生产工作的意见
                    ",广东,0.5561277866363525,5,-18.604868,23.620646
200707,"印发广东省节能减排综合性工作方案的通知
                    ",广东,0.6386093497276306,3,-18.00431,29.441269
200707,"转发国务院关于印发节能减排综合性工作方案的通知
                    ",广东,0.6468062400817871,3,-17.031048,28.724644
200706,"关于促进我省产业结构调整的实施意见
                    ",广东,0.6043333411216736,4,9.343673,-0.9369846
200705,"印发2007年广东省建设节约型社会发展循环经济工作要点的通知
                    ",广东,0.5702621340751648,3,-17.241983,27.352411
200705,"关于印发广东省环境保护与生态建设“十一五”规划的通知
                    ",广东,0.5302488803863525,2,-24.112997,24.127678
200703,"印发广东省小火电机组关停实施方案的通知
                    ",广东,0.5549635887145996,5,23.362442,-1.5821086
200703,"转发国务院办公厅转发国土资源部等部门对矿产资源开发进行整合意见的通知
                    ",广东,0.5441197752952576,6,53.389668,-7.7396026
200702,"转发省信息产业厅省经贸委关于进一步推进企业信息化促进经济增长方式转变意见的通知
                    ",广东,0.5636903643608093,4,6.3950577,1.5827137
200701,"转发国务院办公厅关于开展全国主体功能区划规划编制工作的通知
                    ",广东,0.5065047144889832,5,-11.522058,-13.018525
200611,"关于进一步加强我省节能工作的意见
                    ",广东,0.5913494229316711,3,-14.915489,29.108608
200608,"转发国务院办公厅转发商务部等部门关于“十一五”期间加快转变机电产品出口增长方式意见的通知
                    ",广东,0.5107859969139099,5,11.578797,0.87947035
200607,"转发国务院办公厅转发建设部等部门关于调整住房供应结构稳定住房价格意见的通知
                    ",广东,0.5560480356216431,5,7.263171,-46.459583
200606,"转发国家发展改革委等部门关于加强政府机构节约资源工作的通知
                    ",广东,0.5450006127357483,5,-15.380611,26.531624
200606,"转发广东省电信有限公司关于广东电信全力服务信息化推进信息强省建设的报告的通知
                    ",广东,0.5054879784584045,5,5.691815,2.4279888
200606,"转发国务院关于加快推进产能过剩行业结构调整的通知
                    ",广东,0.641767144203186,4,10.074494,-1.0709002
200603,"转发国务院关于落实科学发展观加强环境保护决定的通知
                    ",广东,0.5656090974807739,2,-34.10524,4.847307
200512,"转发国务院办公厅转发发展改革委等部门关于制止铜冶炼行业盲目投资若干意见的通知
                    ",广东,0.510086178779602,5,27.332043,-19.621666
200512,"转发国务院关于促进煤炭工业健康发展若干意见的通知
                    ",广东,0.5472366213798523,6,52.371506,-3.7373407
200509,"转发国务院关于全面整顿和规范矿产资源开发秩序的通知
                    ",广东,0.5126094818115234,6,53.071163,-5.20281
200509,"转发国务院办公厅转发发展改革委等部门关于加强钨锡锑行业管理意见的通知
                    ",广东,0.5000907778739929,5,28.030762,-19.286407
200509,"转发国务院办公厅关于进一步推进墙体材料革新和推广节能建筑的通知
                    ",广东,0.5445816516876221,1,-11.192031,1.7801344
200509,"关于建设节约型社会发展循环经济的若干意见
                    ",广东,0.5570583343505859,4,-17.044285,25.48553
200508,"转发省经贸委关于加强节电管理工作意见的通知
                    ",广东,0.5505224466323853,5,-13.913228,29.344767
200507,"转发国务院关于做好建设节约型社会近期重点工作的通知
                    ",广东,0.5360099077224731,4,-16.26568,26.415327
200504,"转发国务院办公厅关于电站项目清理及近期建设安排有关工作的通知
                    ",广东,0.5654067993164062,5,24.969147,5.8692575
200502,"印发《珠江三角洲环境保护规划纲要（２００４－２０２０年）》的通知
                    ",广东,0.5065044164657593,2,-23.968689,23.062616
200502,"关于印发广东省工业产业结构调整实施方案（修订版）的通知
                    ",广东,0.5608118176460266,4,8.703518,-1.0162697
200412,"转发国务院批转发展改革委关于坚决制止电站项目无序建设意见的紧急通知
                    ",广东,0.5470937490463257,5,25.002392,5.728921
200412,"关于推动我省高新技术产业持续快速健康发展的意见
                    ",广东,0.5044327974319458,4,5.588026,0.12665097
200411,"转发省信息产业厅关于进一步推进我省企业信息化建设的指导意见的通知
                    ",广东,0.5033848285675049,4,5.937265,1.519597
200410,"转发国务院关于投资体制改革的决定的通知
                    ",广东,0.514613687992096,5,9.670552,2.2232618
200408,"转发省经贸委关于广东省开展资源节约活动工作意见的通知
                    ",广东,0.5147269368171692,4,-15.811759,25.92789
200407,"转发国务院办公厅关于做好电力迎峰度夏工作的通知
                    ",广东,0.57186359167099,5,29.029903,9.909214
200406,"关于在全省开展节能降耗节约用电工作的通知
                    ",广东,0.5921100974082947,3,-14.222105,29.801073
200406,"转发国务院办公厅关于开展资源节约活动的通知
                    ",广东,0.5475150346755981,4,-15.1466055,25.733578
200405,"转发省环保局等单位关于开展整治违法排污企业保障群众健康等环保专项行动工作方案的通知
                    ",广东,0.5074833631515503,2,-38.659744,0.26821926
200405,"转发国务院办公厅关于清理固定资产投资项目的通知
                    ",广东,0.5299919247627258,5,25.18334,-22.260136
200402,"印发省发展改革委关于广东省２００４—２００６年改造农村电网降低农村居民电价实施方案的通知
                    ",广东,0.5253241062164307,5,25.644917,16.124468
200402,"转发国务院办公厅关于加强电力安全工作的通知
                    ",广东,0.50278240442276,5,27.613035,9.88133
200401,"转发国务院办公厅转发发展改革委等部门关于制止钢铁电解铝水泥行业盲目投资若干意见的通知
                    ",广东,0.516508936882019,5,27.045164,-19.776056
200401,"印发广东省发展和改革委员会职能配置内设机构和人员编制规定的通知
                    ",广东,0.5035065412521362,5,33.8469,-27.853945
200309,"转发国务院关于促进房地产市场持续健康发展的通知
                    ",广东,0.5288304686546326,5,6.6685095,-46.596317
200308,"转发国务院办公厅关于深化安全生产专项整治工作的通知
                    ",广东,0.5055873990058899,6,54.151154,-3.779902
200307,"关于做好全省采石场整治和复绿工作的通知
                    ",广东,0.5042300820350647,5,-46.758987,8.971849
200306,"印发关于加快推进广东新型工业化的意见的通知
                    ",广东,0.5082679986953735,4,6.4325967,0.39235482
200305,"转发国务院办公厅关于认真做好电力供应有关工作的通知
                    ",广东,0.5476040840148926,5,28.418064,9.785645
200304,"转发省计委《广东省燃煤燃油火电厂脱硫工程实施方案》的通知
                    ",广东,0.553680419921875,5,-21.155306,20.409336
200212,"转发国务院减轻企业负担部际联席会议关于贯彻落实国务院办公厅关于治理向机动车辆乱收费和整顿道路站点有关问题的通知的实施意见的通知
                    ",广东,0.5070484280586243,5,3.3054492,-18.655594
200207,"转发国务院办公厅关于对甘肃陕西两省一些地区重复建设和环境污染等问题的通报的通知
                    ",广东,0.5179184675216675,5,19.737915,-18.128492
200112,"转发省环保局关于加强山区开发环境保护管理的意见的通知
                    ",广东,0.5220335721969604,2,-46.73349,8.968268
200108,"关于印发广东省工业产业结构调整实施方案的通知
                    ",广东,0.5794225335121155,4,8.915189,-1.1134411
200106,"印发广东省环境保护“十五”计划的通知
                    ",广东,0.5231824517250061,2,-23.514603,24.653015
200104,"关于印发广东省生态环境建设规划的通知
                    ",广东,0.5105956792831421,2,-24.898485,23.062256
199908,"转发省经委关于广东省农村电力体制改革实施方案的通知
                    ",广东,0.5176683068275452,5,25.864508,16.07303
199906,"转发国务院办公厅转发国家经贸委关于关停小火电机组有关问题意见的通知
                    ",广东,0.5903410911560059,5,23.50548,-1.2995385
199903,"转发省计委关于我省农村电网改造实施意见的通知
                    ",广东,0.5110284090042114,5,25.538134,15.879408
199901,"转发国务院关于关闭非法和布局不合理煤矿有关问题的通知
                    ",广东,0.5266109704971313,6,52.637184,-3.880689
202412,省政府办公厅关于印发江苏省深化制造业智能化改造数字化转型网络化联接三年行动计划（2025－2027年）的通知,江苏,0.5281185507774353,4,0.5502206,-9.949931
202206,省政府办公厅关于印发江苏省推进多式联运发展优化调整运输结构行动计划（2022－2025年）的通知,江苏,0.5046076774597168,5,-7.901179,-8.16886
202203,省政府办公厅转发省市场监管局等部门关于深入推进绿色认证促进绿色低碳循环发展意见的通知,江苏,0.5766433477401733,4,-17.579184,-11.352932
202112,省政府办公厅关于印发江苏省制造业智能化改造和数字化转型三年行动计划（2022－2024年）的通知,江苏,0.5054190158843994,4,0.54969555,-9.938358
202112,省政府办公厅印发关于加强农业农村污染治理促进乡村生态振兴行动计划的通知,江苏,0.5061618685722351,2,-19.81929,-14.3517885
202112,省政府办公厅关于江苏省“十四五”全社会节能的实施意见,江苏,0.5870197415351868,3,-4.425965,21.830313
202110,省政府办公厅关于印发江苏省自然生态保护修复行为负面清单（试行）（第一批）的通知,江苏,0.5687397718429565,2,-66.0285,7.2821603
202109,省政府办公厅转发人民银行南京分行等部门关于大力发展绿色金融指导意见的通知,江苏,0.6468408107757568,4,-23.516647,-38.644936
202109,省政府办公厅关于科学绿化的实施意见,江苏,0.53001868724823,2,-54.97238,-0.6515775
202005,省政府办公厅关于印发江苏省化工产业结构调整限制、淘汰和禁止目录（2020年本）的通知,江苏,0.5283007025718689,5,0.94315696,-3.0497022
201906,省政府办公厅关于印发江苏省长江保护修复攻坚战行动计划实施方案的通知,江苏,0.5153700113296509,2,-65.80325,7.486341
201904,省政府办公厅关于印发全省钢铁行业转型升级优化布局推进工作方案的通知,江苏,0.5252018570899963,4,19.897295,-9.284507
201902,省政府办公厅关于印发江苏省推进运输结构调整实施方案的通知,江苏,0.545849084854126,5,-7.6891665,-8.010554
201901,省政府办公厅关于加强长江江苏段水生生物保护工作的实施意见,江苏,0.5424949526786804,2,-64.41306,7.889973
201812,省政府办公厅转发省农业农村厅等部门关于推进畜牧业绿色发展意见的通知,江苏,0.5410762429237366,4,-19.650152,-14.672803
201709,省政府办公厅关于印发江苏省湿地保护修复制度实施方案的通知,江苏,0.5090304017066956,2,-66.14197,6.4430037
201708,省政府办公厅关于转发省发展改革委江苏能源监管办江苏省售电侧改革试点实施细则和江苏省增量配电业务改革试点实施细则的通知,江苏,0.5048409104347229,5,3.9027476,25.027256
201705,省政府办公厅关于推进生态保护引领区和生态保护特区建设的指导意见,江苏,0.5184059739112854,2,-41.271786,6.6956697
201704,省政府办公厅关于印发江苏省“十三五”能源发展规划的通知,江苏,0.5892375111579895,5,2.3408527,24.55481
201701,省政府办公厅关于印发省商务厅等部门江苏省以“区域能评、环评+区块能耗、环境标准”取代项目能评、环评试点工作方案（试行）的通知,江苏,0.5065561532974243,5,0.4853152,24.621151
201610,省政府办公厅关于“十二五”节能目标责任考核结果的通报,江苏,0.5874732732772827,3,-4.0922527,23.751078
201608,省政府办公厅关于印发江苏省水泥平板玻璃船舶行业去产能工作实施方案的通知,江苏,0.5171865224838257,4,19.398832,-7.3702884
201607,省政府办公厅转发省发展改革委关于“十三五”期间实施新一轮农村电网改造升级工程意见的通知,江苏,0.5424115657806396,5,23.808037,13.436725
201606,省政府办公厅关于转发省发展改革委江苏省碳排放权交易第三方核查机构管理办法（暂行）的通知,江苏,0.6154279112815857,5,-1.5175819,21.68436
201603,省政府办公厅关于促进低效产业用地再开发的意见,江苏,0.5175326466560364,5,-0.31689313,-6.3072214
201602,省政府办公厅关于促进智能电网发展的实施意见,江苏,0.5503794550895691,4,20.111094,14.219012
201511,省政府办公厅转发省经济和信息化委 省发展改革委江苏省工业和信息产业结构调整限制淘汰目录和能耗限额的通知,江苏,0.5913800001144409,5,1.0543467,23.937805
201506,省政府办公厅转发省经济和信息化委等单位关于加快推广港口岸电系统意见的通知,江苏,0.5332373976707458,5,17.845087,15.8026285
201503,省政府办公厅关于印发《江苏省项目节能量交易管理办法（试行）》的通知,江苏,0.5789567232131958,5,-2.091841,22.845911
201502,省政府办公厅关于加强进口的实施意见,江苏,0.5262452960014343,4,8.226053,-22.998882
201411,省政府办公厅关于转发省发展改革委省环保厅江苏省煤电节能减排升级与改造行动计划（2014－2020年）的通知,江苏,0.5644109845161438,5,1.6102655,23.681631
201409,省政府办公厅关于采取切实有效措施确保改善环境空气质量的通知,江苏,0.5134019255638123,2,-33.075775,21.388828
201409,省政府办公厅关于印发江苏省控制能源消费总量工作方案的通知,江苏,0.6240833401679993,3,-2.941997,22.810608
201409,省政府办公厅关于印发江苏省2014－2015年节能减排低碳发展行动实施方案的通知,江苏,0.6193361878395081,3,-4.662934,22.451689
201407,省政府办公厅关于印发江苏省绿色循环低碳交通运输发展规划（2013－2020年）的通知,江苏,0.5475958585739136,5,2.5207334,22.940731
201407,省政府办公厅关于进一步加强煤矿安全生产工作的实施意见,江苏,0.508010745048523,6,51.58793,1.0026332
201308,省政府办公厅印发关于推进苏中融合发展特色发展提高整体发展水平任务分解方案的通知,江苏,0.5001322031021118,4,0.8904204,-7.8097816
201306,省政府办公厅转发省水利厅等部门关于大力推广节水灌溉技术着力推进农业节水工作意见的通知,江苏,0.5001880526542664,5,-22.566431,2.5880334
201306,省政府办公厅关于印发江苏省绿色建筑行动实施方案的通知,江苏,0.6257222294807434,1,-10.990051,4.1411242
201306,省政府办公厅关于印发2013年省级部门节能目标任务的通知,江苏,0.602353036403656,3,-3.8818064,23.108294
201304,省政府办公厅关于印发江苏省“十二五”环境保护和生态建设规划重点工作部门分工方案的通知,江苏,0.5427143573760986,2,-40.421593,9.290159
201303,省政府办公厅关于进一步加强自然保护区管理工作的通知,江苏,0.5035755038261414,5,-60.757587,9.479909
201302,省政府办公厅关于印发江苏省工业和信息产业结构调整指导目录（2012年本）的通知,江苏,0.5356041789054871,5,3.3747742,22.923603
201209,省政府办公厅关于印发江苏省“十二五”节能规划的通知,江苏,0.5613820552825928,5,1.3258063,23.375896
201206,省政府办公厅关于印发全省开展第三轮化工生产企业专项整治方案的通知,江苏,0.5237722396850586,2,-38.134956,4.72146
201203,省政府办公厅转发省经济和信息化委关于加快推进全省信息化和工业化融合服务产业园建设工作指导意见的通知,江苏,0.5057054162025452,4,1.2097299,-8.242647
201112,省政府办公厅关于加强继续教育工作推进学习型社会建设的意见,江苏,0.5021976828575134,5,-8.91775,-17.671854
201110,省政府办公厅关于印发全省节能减排政策措施实施情况监督检查方案和2011年全省节能减排政策措施实施情况监督检查计划的通知,江苏,0.6233072280883789,3,-5.2892585,23.383997
201108,省政府办公厅关于切实加强化工园区（集中区）环境保护工作的通知,江苏,0.5064994692802429,2,-38.82513,5.732743
201107,省政府办公厅关于进一步做好电力迎峰度夏工作的通知,江苏,0.5695574879646301,5,30.419403,11.242697
201103,省政府办公厅落实省委省政府关于加快水利改革发展推进水利现代化建设意见有关政策措施分工的通知,江苏,0.5150840282440186,2,-23.635223,2.2111292
201102,省政府办公厅转发省住房城乡建设厅关于在建设领域积极推进合同能源管理实施意见的通知,江苏,0.5526965260505676,3,-9.318767,28.471329
201006,省政府办公厅关于转发省发展改革委江苏省2010年经济体制改革要点的通知,江苏,0.5178701877593994,4,-7.4842544,-17.938608
201005,省政府办公厅关于转发省环保厅2010年江苏省主要污染物总量减排监测体系建设和运行工作计划的通知,江苏,0.5425494909286499,2,-33.4435,26.241493
201004,省政府办公厅关于转发省发展改革委江苏省智能电网产业发展专项规划纲要（2009－2012年）的通知,江苏,0.531851053237915,5,20.131323,14.183061
201004,省政府办公厅关于转发省经济和信息化委省环保厅江苏省节能环保产业发展规划纲要（2009－2012年）的通知,江苏,0.5691785216331482,3,-6.7125454,16.553844
201004,省政府办公厅关于转发省发展改革委江苏省新能源汽车产业发展专项规划纲要（2009－2012年）的通知,江苏,0.5240599513053894,0,11.128247,18.771706
201001,省政府办公厅关于印发全省深入开展化工生产企业专项整治工作方案的通知,江苏,0.5221768617630005,2,-38.10518,4.636064
200912,省政府办公厅关于印发江苏省能源局主要职责内设机构和人员编制规定的通知,江苏,0.605165421962738,5,37.769234,-24.946598
200912,省政府办公厅关于印发江苏省发展和改革委员会主要职责内设机构和人员编制规定的通知,江苏,0.5266805291175842,5,36.75044,-26.211472
200912,省政府办公厅关于印发江苏省农作物秸秆综合利用规划（2010－2015年）的通知,江苏,0.5037386417388916,5,-22.231676,-13.729709
200911,省政府办公厅转发省住房和城乡建设厅关于推进节约型城乡建设工作意见的通知,江苏,0.5601773858070374,1,-10.447044,5.706886
200909,省政府办公厅转发省农业委员会省海洋渔业局关于2009年秋播和2010年农业结构调整指导性意见的通知,江苏,0.5542830228805542,4,-14.65589,-18.557404
200909,省政府办公厅转发省统计局等部门关于认真开展第二次全国R&D资源清查的通知,江苏,0.5050511956214905,5,16.148354,-31.658543
200906,省政府办公厅关于转发省发展改革委江苏省光伏发电推进意见的通知,江苏,0.5476143956184387,5,18.535913,14.966038
200903,省政府办公厅转发省财政厅关于促进农村金融改革发展若干政策意见的通知,江苏,0.510037362575531,4,-17.856865,-39.879894
200810,省政府办公厅印发关于深入开展全民节能行动实施意见的通知,江苏,0.5969172716140747,3,-10.859361,25.116114
200809,省政府办公厅关于成立江苏省天然气开发利用领导小组的通知,江苏,0.5269688367843628,5,38.20457,-22.509426
200808,省政府办公厅转发省经贸委关于太湖流域工业污染专项整治实施方案的通知,江苏,0.500596284866333,2,-37.35629,5.3766685
200808,省政府办公厅转发省环保厅等部门关于全省2008年整治违法排污企业保障群众健康环保专项行动工作方案的通知,江苏,0.5089880228042603,2,-37.542747,1.7673421
200807,省政府办公厅关于印发罗志军同志在省政府全体会议上讲话的通知,江苏,0.5051002502441406,4,-8.278213,-16.948027
200806,省政府办公厅转发省统计局等部门关于江苏省单位GDP能源统计指标体系实施方案和江苏省单位GDP能耗监测体系实施方案的通知,江苏,0.5653687715530396,5,-0.24462311,23.666416
200804,省政府办公厅关于印发江苏省“十一五”环境保护和生态建设规划的通知,江苏,0.5125480890274048,2,-40.48551,9.092641
200804,省政府办公厅关于加强建筑节能工作的通知,江苏,0.6002267599105835,1,-11.175674,6.5423775
200711,省政府办公厅转发省经贸委省环保厅关于推动落实江苏省节能减排工作实施意见部门分工的通知,江苏,0.5962027907371521,5,0.36927766,23.017107
200711,省政府办公厅关于转发省经贸委等部门江苏省节能目标责任评价考核暂行办法的通知,江苏,0.5334821343421936,5,0.45041853,23.551003
200710,省政府办公厅关于印发江苏省污染源公开和污染物减排社会公示办法（试行）的通知,江苏,0.5115844011306763,5,1.7420866,21.969942
200708,省政府办公厅转发省金融稳定工作协调小组办公室关于江苏省金融生态县建设实施意见的通知,江苏,0.5034712553024292,5,-21.673819,-36.501087
200707,省政府办公厅转发省科技厅关于江苏省节能减排科技支撑行动方案（2007-2010年）的通知,江苏,0.6189823150634766,3,-5.4135528,23.100826
200706,省政府办公厅关于印发江苏省钢铁工业淘汰落后生产能力实施方案的通知,江苏,0.5393778085708618,5,20.474611,-7.75314
200706,省政府办公厅关于转发省环保厅等部门全省2007年整治违法排污企业保障群众健康环保专项行动工作方案的通知,江苏,0.5117791891098022,2,-37.7263,1.4087225
200705,省政府办公厅关于加快节水型社会建设的意见,江苏,0.5159925222396851,5,-23.36712,2.7228792
200705,省政府办公厅关于转发省国土资源厅等部门江苏省矿产资源开发整合总体方案的通知,江苏,0.5261995792388916,5,52.34741,-8.128764
200704,省政府办公厅关于成立省节能工作领导小组的通知,江苏,0.5697104930877686,5,-1.7622757,24.871536
200703,省政府办公厅转发省发展改革委等部门单位关于进一步加快江苏电网建设意见的通知,江苏,0.5419691801071167,5,23.620266,11.760928
200701,省政府办公厅关于研究制定2007年生态省建设主要任务和重点工程计划的通知,江苏,0.5016742944717407,2,-41.342987,8.259288
200612,省政府办公厅关于印发江苏省工业结构调整指导目录的通知,江苏,0.5599867105484009,4,0.4461485,-6.8312945
200609,省政府办公厅印发关于秋播及明年农业结构调整指导性意见的通知,江苏,0.5428080558776855,4,-14.655596,-18.46196
200608,省政府办公厅关于印发梁保华同志在省政府全体会议上讲话的通知,江苏,0.5127468109130859,4,-8.34422,-16.810722
200607,省政府办公厅关于转发国办发〔2006〕37号文件的通知,江苏,0.5315480828285217,5,8.227322,-45.84885
200607,省政府办公厅关于印发江苏省2006年发展海洋经济考核任务的通知,江苏,0.5077084302902222,5,2.4709952,-5.8915462
200606,省政府办公厅关于印发全省2006年整治违法排污企业保障群众健康环保专项行动工作方案的通知,江苏,0.512623131275177,2,-37.892048,1.7737708
200606,省政府办公厅关于转发省金融稳定工作协调小组关于全省金融生态环境建设工作指导意见的通知,江苏,0.5269387364387512,5,-21.65637,-36.58673
200605,省政府办公厅转发省经贸委等部门关于建立GDP能耗指标公报制度意见的通知,江苏,0.5606564879417419,5,-3.320329,24.18258
200512,省政府办公厅关于转发省经贸委等部门关于进一步推进墙体材料革新和实施建筑节能意见的通知,江苏,0.5256114602088928,5,0.5864548,21.563524
200508,省政府办公厅关于转发省科技厅江苏省能源产业科技示范工程2005-2007年实施方案的通知,江苏,0.5574812889099121,5,2.143888,23.984869
200507,省政府办公厅转发省环保厅等七部门全省2005年整治违法排污企业保障群众健康环保专项行动工作方案的通知,江苏,0.5209442377090454,2,-37.64288,1.3433396
200506,省政府办公厅转发省物价局关于运用价格杠杆促进可持续发展的实施意见的通知,江苏,0.5234172344207764,5,3.2723813,21.85497
200505,省政府办公厅关于转发省经贸委省环保厅江苏省2005年发展循环经济工作意见的通知,江苏,0.5201101899147034,5,2.2519562,22.181913
200505,省政府办公厅关于加快电网建设的通知,江苏,0.5600268840789795,5,23.824366,11.534349
200412,省政府办公厅关于加强湿地保护管理的通知,江苏,0.5019730925559998,2,-62.71835,9.04747
200412,省政府办公厅关于认真贯彻落实国务院批转发展改革委关于坚决制止电站项目无序建设意见紧急通知的通知,江苏,0.5690089464187622,5,24.90515,6.650172
200409,省政府办公厅关于贯彻落实党的十六届四中全会精神对政府工作进行调查研究的通知,江苏,0.5072692632675171,5,-7.987192,-17.559631
200409,省政府办公厅关于加强生物物种资源保护和管理工作的通知,江苏,0.5104474425315857,5,-61.26855,10.473908
202411,山东省人民政府办公厅关于印发《山东省低空经济高质量发展三年行动方案（2025-2027年）》的通知,山东,0.5038607716560364,4,-3.697023,3.5034792
202205,山东省人民政府办公厅关于推动城乡建设绿色发展若干措施的通知,山东,0.5577722191810608,1,-5.8508153,3.7270522
201903,山东省人民政府办公厅关于转发省发展改革委山东省2019年国民经济和社会发展计划的通知,山东,0.5039314031600952,4,4.594658,-3.7341983
201901,山东省人民政府办公厅关于印发山东省推进运输结构调整工作实施方案（2018-2020年）的通知,山东,0.5740991830825806,5,-7.0049863,-7.251107
201712,山东省人民政府办公厅关于推进湿地保护修复的实施意见,山东,0.5555100440979004,2,-64.212296,3.549922
201712,山东省人民政府办公厅关于推进石化产业调结构促转型增效益的通知,山东,0.5967827439308167,4,12.07759,-11.120534
201705,山东省人民政府办公厅关于贯彻国办发〔2016〕42号文件促进有色金属工业创新发展转型升级提质增效的通知,山东,0.5564765334129333,4,15.311536,-9.773102
201703,山东省人民政府办公厅关于贯彻落实国办发〔2016〕34号文件促进建材工业稳增长调结构增效益的通知,山东,0.5328907370567322,4,16.048807,-6.1359525
201607,山东省人民政府办公厅关于贯彻国办发〔2015〕59号文件加快转变农业发展方式的实施意见,山东,0.5047216415405273,4,-15.595131,-20.30609
201606,山东省人民政府办公厅关于金融支持实体经济发展的意见,山东,0.5032049417495728,4,-13.675104,-40.36679
201604,山东省人民政府办公厅关于加快推进全省煤炭清洁高效利用工作的意见,山东,0.5551827549934387,5,6.4937196,29.500643
201603,山东省人民政府办公厅关于转发省发展改革委山东省2016年国民经济和社会发展计划的通知,山东,0.5085299611091614,4,4.7112803,-3.8013017
201507,山东省人民政府办公厅关于贯彻国办发〔2015〕16号文件加强节能标准化工作的实施意见,山东,0.5624752640724182,3,-6.710262,31.195919
201504,山东省人民政府办公厅关于印发山东省推进工业转型升级行动计划(2015-2020年)的通知,山东,0.5093777179718018,4,6.298496,-4.71277
201501,山东省人民政府办公厅关于加快推进山东省绿色交通运输发展的指导意见,山东,0.5896012187004089,3,-6.313064,3.497168
201411,山东省人民政府办公厅关于贯彻国办发〔2014〕35号文件加快新能源汽车推广应用的实施意见,山东,0.5151495337486267,0,12.965588,17.546562
201410,山东省人民政府办公厅关于贯彻国办发〔2013〕104号文件促进煤炭行业平稳运行的实施意见,山东,0.5814868211746216,6,48.472736,1.920998
201410,山东省人民政府办公厅关于印发山东省2014-2015年节能减排低碳发展行动实施方案的通知,山东,0.6162205934524536,3,-4.789294,26.916552
201408,山东省人民政府办公厅关于进一步提升建筑质量的意见,山东,0.5163971781730652,1,-11.43353,-1.0741761
201406,山东省人民政府办公厅关于贯彻落实国办发〔2014〕17号文件加强金融服务促进“三农”发展的实施意见,山东,0.504760205745697,4,-16.485998,-40.924606
201401,山东省人民政府办公厅关于贯彻国办发〔2013〕99号文件进一步加强煤矿安全生产工作的实施意见,山东,0.5318741202354431,6,49.23043,1.5996814
201312,山东省人民政府办公厅关于加快发展节能环保产业的实施意见,山东,0.5703582167625427,3,-6.960866,17.62569
201311,山东省人民政府办公厅关于印发山东省六大传统产业转型升级指导计划的通知,山东,0.5063203573226929,4,6.753534,-5.023809
201212,山东省人民政府办公厅关于印发贯彻落实国办发〔2012〕54号文件依法做好金属非金属矿山整顿工作方案的通知,山东,0.5339492559432983,6,53.28411,-1.9460592
201212,山东省人民政府办公厅关于贯彻国办发〔2012〕42号文件进一步加快林下经济发展的意见,山东,0.5093246698379517,5,-49.330822,5.1084404
201211,山东省人民政府办公厅转发省油区办关于进一步加强和改进胜利油区工作的意见的通知,山东,0.5095208883285522,5,13.839749,-14.163485
201211,山东省人民政府办公厅关于印发山东省钢铁企业主要污染物减排监测及考核方案的通知,山东,0.5680497288703918,2,-3.9221015,27.196459
201210,山东省人民政府办公厅转发省经济和信息化委等部门关于加强电力需求侧管理工作的实施意见的通知,山东,0.5860031247138977,5,28.237131,13.087741
201209,山东省人民政府办公厅关于加快推进煤矿企业兼并重组的实施意见,山东,0.553828775882721,6,45.458305,-1.2535529
201206,山东省人民政府办公厅关于促进淘汰压缩落后钢铁产能和企业兼并重组工作的通知,山东,0.562487006187439,4,20.05559,-5.4946003
201112,山东省人民政府办公厅关于转发省发展改革委等部门山东省对金融机构支持山东半岛蓝色经济区和黄河三角洲高效生态经济区建设奖励资金管理办法(试行)的通知,山东,0.5162323117256165,5,-19.733881,-34.581802
201110,山东省人民政府办公厅关于印发山东省节约能源“十二五“规划的通知,山东,0.5724053978919983,3,-5.640019,28.355267
201101,山东省人民政府办公厅关于推进山东省煤炭应急储备基地建设的意见,山东,0.5366172194480896,5,45.32477,4.4165015
201007,山东省人民政府办公厅转发省发展改革委关于扶持光伏发电加快发展的意见的通知,山东,0.5598487257957458,5,-1.3384112,28.983122
201006,山东省人民政府办公厅关于加快发展我省新型电力电子器件产业的指导意见,山东,0.5191668272018433,4,19.266182,13.045848
201001,山东省人民政府办公厅关于深化矿产资源开发整合工作的通知,山东,0.5737592577934265,6,51.399006,-8.34421
200911,山东省人民政府办公厅转发省经济和信息化委等部门关于加快太阳能光热系统推广应用的实施意见的通知,山东,0.5374043583869934,5,-2.0952425,29.291042
200911,山东省人民政府办公厅转发省经济和信息化委等部门关于加快太阳能光热系统推广应用的实施意见的通知,山东,0.5374043583869934,5,-2.0952833,29.291166
200909,山东省人民政府办公厅关于加快推进全省城市供热节能工作的通知,山东,0.5819671750068665,5,-4.321753,29.637562
200908,山东省人民政府办公厅关于推进新能源汽车产业发展的若干意见,山东,0.5172686576843262,0,12.655202,17.632511
200908,山东省人民政府办公厅转发省经济和信息化委关于加强产学研合作创新促进工业调整振兴的意见的通知,山东,0.537350594997406,4,6.1965127,-6.339081
200905,山东省人民政府办公厅转发省经贸委等部门转发省经贸委等部门关于粮油加工、乳业及乳制品、烟草、中药、丝绸、皮革、塑料、包装等8个特色产业调整振兴指导意见(第三批)的通知,山东,0.5455182790756226,4,7.9266043,-6.753242
200905,山东省人民政府办公厅转发省经贸委等部门关于黄金、建材、石材、水泥及散装水泥、电工电气及仪表、石油装备、煤炭机械、煤化工、焦化等9个特色产业调整振兴指导意见(第四批)的通知,山东,0.5747595429420471,4,8.748168,-6.6536975
200905,山东省人民政府办公厅转发省经贸委等部门关于促进航空航天、核电装备、新能源、节能环保、新材料等5个新兴产业加快发展的指导意见(第三批)的通知,山东,0.5654966831207275,4,7.05709,-7.032286
200905,山东省人民政府办公厅转发省经贸委等部门关于家具、工艺美术、家电、五金衡器、医药、服装、纺织机械、农业机械、铸造、模具等10个特色产业调整振兴指导意见(第二批)的通知,山东,0.5053822994232178,4,8.224724,-6.4761925
200905,山东省人民政府办公厅转发省经贸委等部门关于氯碱、农药、化肥、炼化、轮胎、食品、葡萄酒、白酒、啤酒、造纸、自行车电动车、陶瓷、钟表等13个特色产业调整振兴指导意见(第一批)的通知,山东,0.5347598791122437,4,8.322843,-7.0131474
200905,山东省人民政府办公厅转发省经贸委等部门关于促进生物、海洋、集成电路、彩电平板显示、轨道交通等5个新兴产业加快发展的指导意见(第二批)的通知,山东,0.5103147625923157,4,7.0666738,-6.9936004
200904,山东省人民政府办公厅转发省经贸委等部门关于推动节能产品认证工作的意见的通知,山东,0.5595214366912842,5,-6.3085375,30.555704
200901,山东省人民政府办公厅关于转发省财政厅等部门山东省节能产品政府采购实施意见的通知,山东,0.5510876178741455,5,-5.6929884,30.17771
200811,山东省人民政府办公厅转发省经贸委省政府节能办关于加快发展节能服务产业的意见的通知,山东,0.5681434273719788,3,-6.171547,29.50887
200811,山东省人民政府办公厅转发省经贸委关于加快全省玻璃工业结构调整促进行业又好又快发展的意见的通知,山东,0.5068119168281555,4,9.673594,-6.5022783
200809,山东省人民政府办公厅转发省经贸委、济南电监办、山东电力集团公司关于进一步加强全省电力生产与供应管理工作的意见的通知,山东,0.5270470976829529,5,28.192474,12.7852125
200806,山东省人民政府办公厅转发省机关事务局关于组织开展能源短缺体验日活动的意见的通知,山东,0.530005156993866,5,-12.180543,26.718235
200806,山东省人民政府办公厅转发省经贸委关于加快全省铝工业结构调整指导意见的通知,山东,0.568665087223053,4,10.281451,-6.4506774
200805,山东省人民政府办公厅转发省经贸委关于加强焦化企业管理促进焦化行业节能减排工作的意见的通知,山东,0.5612661242485046,5,-4.1858215,28.504662
200804,山东省人民政府办公厅转发省财政厅省环保局关于进一步加强排污费征缴使用管理的意见的通知,山东,0.5072851181030273,5,-37.517765,16.846172
200802,山东省人民政府办公厅关于印发山东省关停和淘汰落后水泥产能工作实施方案的通知,山东,0.5298119187355042,5,19.619114,-5.6449738
200712,山东省人民政府办公厅关于十一五期间加快转变出口增长方式促进机电产业发展的意见,山东,0.5035848617553711,4,7.4349384,-5.6347485
200709,山东省人民政府办公厅关于理顺完善财政分配关系的通知,山东,0.5580539107322693,5,28.86175,14.406397
200708,山东省人民政府办公厅关于进一步严格控制高耗能行业固定资产投资项目建设的通知,山东,0.6312478184700012,5,-3.3726327,31.881199
200707,山东省人民政府办公厅关于在南水北调黄河以南段及省辖淮河流域和小清河流域开展生态补偿试点工作的意见,山东,0.5268850922584534,2,-30.838135,1.9742559
200706,山东省人民政府办公厅关于切实做好固定资产投资项目节能评估审查工作的通知,山东,0.573063313961029,3,-4.579739,33.63857
200706,山东省人民政府办公厅关于贯彻国办发〔2006〕108号文件切实做好矿产资源整合工作的通知,山东,0.5365945100784302,6,51.48197,-8.098199
200702,山东省人民政府办公厅关于印发山东省超标准耗能加价管理办法（试行）的通知,山东,0.5462213158607483,5,-4.6724176,30.530367
200612,山东省人民政府办公厅关于印发山东省节能目标责任考核办法的通知,山东,0.5400561690330505,3,-5.4149227,31.571453
200612,山东省人民政府办公厅转发省发展改革委关于加快钢铁工业结构调整的指导意见的通知,山东,0.59504634141922,4,10.36642,-5.565349
200611,山东省人民政府办公厅关于进一步做好煤矿整顿关闭工作的通知,山东,0.5310128927230835,6,49.47654,0.78085744
200611,山东省人民政府办公厅转发省经贸委关于加快淘汰落后产品生产能力促进工业结构优化升级的意见的通知,山东,0.571087658405304,4,7.8325214,-4.7390456
200610,山东省人民政府办公厅关于进一步加快发展农村沼气等可再生能源的意见,山东,0.5415769219398499,5,-0.98344684,29.430422
200609,山东省人民政府办公厅关于贯彻国办发〔2006〕37号文件调整住房供应结构稳定住房价格的通知,山东,0.5135767459869385,5,9.039273,-46.182365
200608,山东省人民政府办公厅关于加强固定资产投资调控从严控制新开工项目的通知,山东,0.5197242498397827,5,25.686024,-23.678642
200607,山东省人民政府办公厅关于加快推进燃煤电厂脱硫工作的意见,山东,0.5554112792015076,2,6.3140774,29.583023
200606,山东省人民政府办公厅关于搞好矿产资源整合实施集约化开采的意见,山东,0.5523119568824768,6,51.22951,-8.335166
200604,山东省人民政府办公厅转发省经贸委省统计局关于加强1000户重点用能企业节能工作的意见的通知,山东,0.5739741921424866,3,-5.2392173,29.631968
200408,山东省人民政府办公厅关于贯彻国办发〔2004〕30号文件开展资源节约活动的通知,山东,0.51246577501297,4,-13.669353,25.360249
200405,山东省人民政府办公厅关于贯彻国办发〔2004〕38号文件切实做好固定资产投资项目清理工作的通知,山东,0.5169143676757812,5,25.462698,-23.46132
200404,山东省人民政府办公厅转发省经贸委等部门关于全面推行清洁生产的意见的通知,山东,0.5510052442550659,4,-19.89347,6.9426994
200312,山东省人民政府办公厅转发省水利厅等部门关于南水北调东线工程山东段水污染防治总体规划的实施意见的通知,山东,0.53371661901474,2,-29.574175,2.336188
200309,山东省人民政府办公厅转发省海洋与渔业厅关于加快渔业结构调整促进渔业经济发展的意见的通知,山东,0.5352995991706848,5,3.152571,-5.8870068
200309,山东省人民政府办公厅转发省信息产业厅关于加快以信息化带动工业化发展的意见的通知,山东,0.5233650803565979,4,6.0734477,-5.5468616
200308,山东省人民政府办公厅关于加强农作物秸秆综合利用与禁烧工作的通知,山东,0.5076810121536255,5,-22.859457,-14.158888
202403,"
            北京市人民政府关于印发《北京市碳排放权交易管理办法》的通知
          ",北京,0.616187334060669,5,-18.536646,15.393499
202210,"
            北京市人民政府关于印发《北京市碳达峰实施方案》的通知
          ",北京,0.5861971378326416,4,-15.342332,14.937931
202209,"
            北京市人民政府关于进一步加强水生态保护修复工作的意见
          ",北京,0.5503209829330444,2,-64.793465,9.566854
202206,"
            北京市人民政府关于印发《北京市生态安全格局专项规划（2021年—2035年）》和《北京市国土空间生态修复规划（2021年—2035年）》的通知
          ",北京,0.5225163102149963,5,-22.548128,10.786837
202205,"
            北京市人民政府关于印发《北京市“十四五”时期能源发展规划》的通知
          ",北京,0.5814147591590881,4,0.8778196,10.562989
202112,"
            北京市人民政府关于印发《北京市“十四五”时期生态环境保护规划》的通知
          ",北京,0.5083984136581421,2,-23.659678,11.311157
201408,"
        北京市人民政府关于印发《北京市高污染燃料禁燃区划定方案(试行)》的通知
      ",北京,0.5285507440567017,5,-24.10377,15.513072
201108,"
        北京市人民政府关于推进城市空间立体绿化建设工作的意见
      ",北京,0.5233527421951294,5,-49.073647,-1.9343443
201104,"
        北京市人民政府印发关于加快西部地区转型发展实施意见的通知
      ",北京,0.5308674573898315,4,-0.12094454,-22.863064
201009,"
        北京市人民政府关于建立山区生态公益林生态效益促进发展机制的通知
      ",北京,0.5050258040428162,2,-52.853462,4.722802
200704,"
        北京市人民政府贯彻落实国务院关于加强节能工作决定的意见
      ",北京,0.6120014190673828,3,-11.431463,23.469124
200408,"
        北京市人民政府关于建立山区生态林补偿机制的通知
      ",北京,0.5058530569076538,2,-52.91107,4.742547
199207,"
        北京市人民政府批转市地质矿产局关于进一步加强本市地质矿产工作请示的通知
      ",北京,0.5022246837615967,5,48.237797,-10.57206
199011,"
        北京市人民政府关于《北京市建设工程绿化用地面积比例实施办法》的批复
      ",北京,0.5254710912704468,5,-49.01024,-2.1023567
199009,"
        北京市人民政府转发国务院关于贯彻国家产业政策对若干产品生产能力的建设和改造加强管理的文件的通知
      ",北京,0.5347681641578674,5,22.71753,-19.6604
202312,黑龙江省人民政府办公厅关于印发《黑龙江省加快推动制造业和中小企业数字化网络化智能化发展若干政策措施》的通知,黑龙江,0.5059283375740051,4,0.6463601,-11.153204
202202,黑龙江省人民政府办公厅关于鼓励和支持社会资本参与生态保护修复的实施意见,黑龙江,0.5775831341743469,2,-58.624386,2.1840947
202110,黑龙江省人民政府办公厅关于加强草原保护修复的实施意见,黑龙江,0.5589250922203064,2,-61.33237,1.0943856
201903,黑龙江省人民政府办公厅关于印发黑龙江省资源整合煤矿审查标准的通知,黑龙江,0.5244233012199402,6,48.290783,-3.4273582
201806,黑龙江省人民政府办公厅关于转发省住建厅省发改委黑龙江省绿色建筑行动实施方案的通知,黑龙江,0.6130424737930298,1,-12.270714,3.9368324
201803,黑龙江省人民政府办公厅关于加快推进农业供给侧结构性改革大力发展粮食产业经济的实施意见,黑龙江,0.5143727660179138,4,-17.213167,-19.970348
201803,黑龙江省人民政府办公厅关于加强野生鱼类资源保护的意见,黑龙江,0.5279489755630493,2,-62.689533,7.7759705
201712,黑龙江省人民政府办公厅关于印发黑龙江省畜禽养殖废弃物资源化利用工作方案的通知,黑龙江,0.5044511556625366,2,-23.578371,-11.380013
201712,黑龙江省人民政府办公厅关于印发黑龙江省推进节能环保产业发展行动方案(2017—2020年)的通知,黑龙江,0.5868454575538635,3,-6.81755,16.095991
201711,黑龙江省人民政府办公厅关于推进装配式建筑发展的实施意见,黑龙江,0.500300943851471,1,-13.285057,-1.1954731
201705,黑龙江省人民政府办公厅关于印发黑龙江省促进建材工业稳增长调结构增效益实施方案的通知,黑龙江,0.5465037226676941,4,14.623087,-5.278331
201612,黑龙江省人民政府办公厅关于推进石化产业调结构促转型增效益的通知,黑龙江,0.5696525573730469,4,12.61199,-13.755915
201609,黑龙江省人民政府办公厅关于印发黑龙江省农业信贷担保体系建设实施方案的通知,黑龙江,0.5017669200897217,5,-17.896477,-41.072987
202311,西藏自治区人民政府办公厅关于进一步优化调整全区上网电价和销售电价引导降低社会用电成本的通知,西藏,0.5448939800262451,5,33.404263,18.47532
202307,西藏自治区人民政府办公厅印发关于进一步降低用电成本助力高原特色产业高质量发展实施方案(暂 行 )的通知,西藏,0.5214420557022095,5,14.823068,12.7916565
202212,西藏自治区人民政府办公厅关于印发西藏自治区“十四五” 时期“无废城市”  建设工作方案的通知,西藏,0.5165927410125732,4,-22.582705,-4.482585
202212,西藏自治区人民政府办公厅关于加强草原保护修复的实施意见,西藏,0.5367573499679565,2,-60.273674,0.43285337
201806,西藏自治区人民政府关于进一步规范和理顺全区上网电价及销售电价的通知,西藏,0.5719217658042908,5,33.387363,18.41469
201712,​西藏自治区人民政府关于建立粮食生产功能区和重要农产品生产保护区的实施意见,西藏,0.5073215365409851,5,-18.702715,-21.235895
201706,西藏自治区人民政府关于开展西藏自治区第二次全国污染源普查的通知,西藏,0.520586371421814,5,-32.92315,-2.8277657
201407,西藏自治区人民政府关于调整全区销售电价的通知,西藏,0.546498715877533,5,33.407734,17.954264
201407,西藏自治区人民政府关于加快发展节能环保产业的实施意见,西藏,0.6007847785949707,3,-7.656282,16.230055
201306,关于印发西藏自治区2013年节能宣传周和低碳日宣传活动方案的通知,西藏,0.5657539963722229,3,-13.57806,22.108839
202507,内蒙古自治区人民政府办公厅关于推进产品碳足迹标识认证工作的实施意见,内蒙古,0.5552883744239807,5,12.039188,9.193974
202506,内蒙古自治区人民政府办公厅关于做好金融“五篇大文章”的实施意见,内蒙古,0.5260570645332336,4,-12.635939,-42.63478
202505,内蒙古自治区人民政府办公厅关于印发《内蒙古自治区生态环境损害赔偿工作规定》的通知,内蒙古,0.5023171305656433,5,-59.24711,4.8222365
202406,"内蒙古自治区人民政府办公厅关于
进一步加快推动氢能产业高质量发展的通知",内蒙古,0.5541506409645081,4,11.285299,10.490248
202402,"内蒙古自治区人民政府办公厅关于
加快新能源和电网工程审批建设若干措施的通知",内蒙古,0.5518651008605957,5,14.408496,11.389769
202312,"内蒙古自治区人民政府办公厅
关于促进新能源消纳若干举措的通知",内蒙古,0.5828245878219604,0,13.900189,10.729317
202212,内蒙古自治区人民政府办公厅关于印发自治区支持新型储能发展若干政策（2022—2025年）的通知,内蒙古,0.5736845135688782,5,14.092084,10.857361
202302,"内蒙古自治区人民政府办公厅
关于进一步做好社会资本参与生态
保护修复工作的实施意见",内蒙古,0.5801536440849304,2,-58.262585,1.1909443
202208,"内蒙古自治区人民政府办公厅关于
印发自治区投资负面清单（2022年版）的通知",内蒙古,0.502678394317627,5,19.371794,-26.349625
202203,"内蒙古自治区人民政府办公厅关于
推动全区风电光伏新能源产业高质量发展的意见",内蒙古,0.6177958250045776,0,12.375761,10.8450985
202203,"内蒙古自治区人民政府办公厅
关于促进氢能产业高质量发展的意见",内蒙古,0.5583227276802063,4,11.3656645,10.484341
202111,"内蒙古自治区人民政府办公厅关于
印发自治区新能源装备制造业高质量
发展实施方案（2021-2025年）的通知",内蒙古,0.5543416142463684,4,12.35981,10.515149
202109,内蒙古自治区人民政府办公厅关于促进新型建筑工业化绿色发展的实施意见,内蒙古,0.5629259347915649,1,-15.252314,0.3528252
202007,内蒙古自治区人民政府办公厅关于修改 内政办发〔2017〕121号文件相关内容的通知,内蒙古,0.6011211276054382,5,11.106666,-9.825952
201812,内蒙古自治区人民政府办公厅关于进一步加强全区自治区级及以上工业园区环境保护工作的通知,内蒙古,0.5045939683914185,2,-39.432262,6.387537
201709,内蒙古自治区人民政府办公厅关于大力发展装配式建筑的实施意见,内蒙古,0.5097926259040833,1,-14.89761,-0.07616262
201708,内蒙古自治区人民政府办公厅关于印发《内蒙古自治区湿地保护修复制度实施方案》的通知,内蒙古,0.5675013661384583,2,-62.39628,3.8229954
201612,内蒙古自治区人民政府办公厅关于加快新能源汽车推广应用的实施意见,内蒙古,0.500411868095398,0,12.824696,14.181208
201611,内蒙古自治区人民政府办公厅关于印发营造良好市场环境促进有色金属工业调结构促转型增效益实施方案的通知,内蒙古,0.575307309627533,4,16.351805,-12.4541645
201609,内蒙古自治区人民政府办公厅关于印发培育发展绿色基金工作方案的通知,内蒙古,0.5615779161453247,5,-31.398233,-29.279743
201503,内蒙古自治区人民政府办公厅关于建立可再生能源保障性收购长效机制的指导意见,内蒙古,0.5660136342048645,5,14.693072,10.245924
201503,内蒙古自治区人民政府办公厅关于多措并举着力缓解企业融资成本高问题的实施意见,内蒙古,0.5083529353141785,4,-11.235056,-41.50987
201411,内蒙古自治区人民政府办公厅关于绿色建筑减免城市市政基础设施建设配套费有关事宜的通知,内蒙古,0.5816900730133057,5,-31.69564,-29.197968
201405,内蒙古自治区人民政府办公厅关于进一步加强煤矿安全生产工作的实施意见,内蒙古,0.5586978793144226,6,50.475857,3.2058866
201101,"内蒙古自治区人民政府办公厅
关于印发自治区主要污染物排污权有偿使用和交易试点
实施方案的通知",内蒙古,0.5729624032974243,5,-39.183296,14.975508
200607,内蒙古自治区人民政府办公厅转发自治区农牧业厅关于贯彻落实中国水生生物资源养护行动纲要意见的通知,内蒙古,0.5114603638648987,5,-62.45987,10.192726
202302,陕西省人民政府关于印发碳达峰实施方案的通知,陕西,0.6192634701728821,5,-5.987804,49.95334
202302,陕西省人民政府关于印发“十四五”节能减排综合工作实施方案的通知,陕西,0.6163164973258972,3,-11.972276,16.681204
202109,陕西省人民政府关于印发加快建立健全绿色低碳循环发展经济体系若干措施的通知,陕西,0.6323620080947876,4,-10.671559,12.155273
201804,陕西省人民政府关于印发“十三五”节能减排综合工作方案的通知,陕西,0.6145966649055481,3,-5.5647883,49.234974
201802,陕西省人民政府关于印发“十三五”控制温室气体排放工作实施方案的通知,陕西,0.5128805637359619,5,-6.3409224,49.394337
201702,陕西省人民政府关于印发《陕西省推进普惠金融发展规划（2016—2020年）实施方案》的通知,陕西,0.5012452006340027,5,-6.738873,51.93292
201305,陕西省人民政府关于贯彻落实国务院节能与新能源汽车产业发展规划的实施意见,陕西,0.5077709555625916,0,-4.5265827,51.159573
201209,陕西省人民政府关于“十二五”期间深入开展煤矿整顿关闭资源整合和淘汰落后产能工作的通知,陕西,0.570781946182251,6,-2.7861402,50.32261
201202,陕西省人民政府关于印发“十二五”节能减排综合性工作方案的通知,陕西,0.6221987009048462,3,-5.426302,49.313633
201007,陕西省人民政府关于分解下达2010年我省工业行业淘汰落后产能目标任务的通知,陕西,0.5179514288902283,5,-3.4373415,49.718403
201006,陕西省人民政府关于进一步加大工作力度确保实现我省“十一五”节能减排目标的实施意见,陕西,0.6001639366149902,3,-4.976874,49.894547
200912,陕西省人民政府关于进一步加快新能源发展的若干意见,陕西,0.5408912301063538,0,-4.8615813,51.295643
200901,陕西省人民政府关于促进资源型城市可持续发展的实施意见,陕西,0.5040613412857056,5,-5.46964,51.511528
200804,陕西省人民政府关于印发陕西省节能减排统计监测及考核实施方案和办法的通知,陕西,0.6022002696990967,3,-4.946209,48.48998
200708,陕西省人民政府关于印发陕西省节能减排综合性工作方案的通知,陕西,0.6154313087463379,3,-4.9704766,49.2622
200708,陕西省人民政府关于印发《陕西省节能目标责任评价考核实施方案》的通知,陕西,0.5317884087562561,3,-4.521549,48.6445
200705,陕西省人民政府关于加快关停小火电机组的实施意见,陕西,0.5194560289382935,5,-3.4089823,50.66851
200612,陕西省人民政府关于进一步加强节能工作的若干意见,陕西,0.5902699828147888,3,-4.830215,50.332375
200611,陕西省人民政府关于加快推进产能过剩行业结构调整的实施意见,陕西,0.5894531011581421,5,-3.6709304,50.16873
202409,国务院关于加强监管防范风险推动保险业高质量发展的若干意见,国务院,0.5038397312164307,4,-0.41245738,-36.011757
202408,国务院关于《中新天津生态城建设国家绿色发展示范区实施方案（2024—2035年）》的批复,国务院,0.5547012090682983,4,-34.489952,-13.567085
202408,国务院办公厅关于印发《加快构建碳排放双控制度体系工作方案》的通知,国务院,0.603290319442749,2,-14.153736,16.12607
202407,国务院关于印发《深入实施以人为本的新型城镇化战略五年行动计划》的通知,国务院,0.5095254182815552,4,-2.6537402,-29.210854
202405,国务院关于印发《2024—2025年节能降碳行动方案》的通知,国务院,0.5917491316795349,3,-13.385043,17.358526
202404,国务院关于加强监管防范风险推动资本市场高质量发展的若干意见,国务院,0.5011332631111145,4,-0.514207,-35.72189
202403,国务院办公厅关于转发国家发展改革委、住房城乡建设部《加快推动建筑领域节能降碳工作方案》的通知,国务院,0.5792040824890137,1,-14.769678,6.265742
202403,国务院关于印发《推动大规模设备更新和消费品以旧换新行动方案》的通知,国务院,0.5078123807907104,4,4.6137433,-28.86908
202402,国务院关于《北京城市副中心建设国家绿色发展示范区实施方案》的批复,国务院,0.5591691732406616,4,-34.867184,-13.845385
202402,国务院办公厅关于加快构建废弃物循环利用体系的意见,国务院,0.5167399644851685,4,-23.736135,-7.2739134
202402,碳排放权交易管理暂行条例,国务院,0.6020407676696777,5,-18.209457,15.376402
202312,国务院关于印发《空气质量持续改善行动计划》的通知,国务院,0.5388608574867249,2,-27.203325,15.341195
202306,国务院办公厅关于进一步构建高质量充电基础设施体系的指导意见,国务院,0.5152113437652588,0,11.226034,14.24255
202209,国务院办公厅关于对国务院第九次大督查发现的典型经验做法给予表扬的通报,国务院,0.5078523755073547,5,11.184326,-34.413795
202209,国务院关于支持山东深化新旧动能转换推动绿色低碳高质量发展的意见,国务院,0.5734514594078064,4,-4.1978083,3.6150384
202207,国务院关于同意海南藏族自治州建设国家可持续发展议程创新示范区的批复,国务院,0.5325871109962463,5,-37.932453,-14.582508
202207,国务院关于同意枣庄市建设国家可持续发展议程创新示范区的批复,国务院,0.5101215243339539,5,-35.254536,-15.832988
202207,国务院关于同意湖州市建设国家可持续发展议程创新示范区的批复,国务院,0.5318891406059265,5,-36.650585,-15.932496
202207,国务院关于同意徐州市建设国家可持续发展议程创新示范区的批复,国务院,0.5254424810409546,5,-35.73895,-16.272478
202207,国务院关于同意鄂尔多斯市建设国家可持续发展议程创新示范区的批复,国务院,0.5351979732513428,5,-36.118397,-14.758605
202205,国务院办公厅转发国家发展改革委国家能源局关于促进新时代新能源高质量发展实施方案的通知,国务院,0.6096876263618469,0,10.187427,12.975071
202203,国务院关于落实《政府工作报告》重点工作分工的意见,国务院,0.5058317184448242,4,4.4614344,-37.484245
202203,国务院办公厅关于加强入河入海排污口监督管理工作的实施意见,国务院,0.5077086687088013,5,-33.641502,12.507499
202201,国务院关于印发“十四五”节能减排综合工作方案的通知,国务院,0.6085569262504578,3,-13.003691,17.304663
202201,国务院办公厅关于印发推进多式联运发展优化调整运输结构工作方案（2021—2025年）的通知,国务院,0.5423220992088318,5,-6.0603704,-10.244252
202111,国务院关于“十四五”公共服务规划的批复,国务院,0.5058706402778625,5,-2.297061,-28.655682
202111,国务院办公厅关于鼓励和支持社会资本参与生态保护修复的意见,国务院,0.60700923204422,2,-59.186745,1.6953423
202110,国务院关于印发2030年前碳达峰行动方案的通知,国务院,0.5830128192901611,4,-13.7876625,16.766691
202110,国务院关于“十四五”特殊类型地区振兴发展规划的批复,国务院,0.5008266568183899,5,-4.8954115,-22.955662
202109,国务院办公厅关于对“十三五”时期实行最严格水资源管理制度成绩突出的省级人民政府给予表扬的通报,国务院,0.5073539018630981,5,-25.456568,5.1912355
202109,国务院关于推进资源型地区高质量发展“十四五”实施方案的批复,国务院,0.5785869359970093,5,-5.430918,-21.754309
202109,国务院关于东北全面振兴“十四五”实施方案的批复,国务院,0.5064778327941895,5,-0.9599421,-18.550987
202106,国务院办公厅关于科学绿化的指导意见,国务院,0.5211881995201111,2,-56.082092,-0.12951168
202103,国务院办公厅关于加强草原保护修复的若干意见,国务院,0.5694676041603088,2,-60.083515,0.9557292
202103,国务院关于落实《政府工作报告》重点工作分工的意见,国务院,0.5079187750816345,4,4.0844197,-37.36756
202102,国务院关于加快建立健全绿色低碳循环发展经济体系的指导意见,国务院,0.63592129945755,4,-10.095387,12.720663
202101,排污许可管理条例,国务院,0.5054919719696045,2,-33.747498,13.092948
202011,国务院办公厅关于印发新能源汽车产业发展规划（2021—2035年）的通知,国务院,0.5204691290855408,0,10.82177,16.012007
202009,国务院办公厅关于调整国务院推进政府职能转变和“放管服”改革协调小组组成人员的通知,国务院,0.5089584589004517,5,29.818815,-37.225582
202007,国务院办公厅关于印发自然资源领域中央与地方财政事权和支出责任划分改革方案的通知,国务院,0.5133621692657471,5,-3.8236208,-34.628395
202006,国务院关于落实《政府工作报告》重点工作部门分工的意见,国务院,0.5073788166046143,4,3.6691751,-36.9962
202003,国务院关于支持中国（浙江）自由贸易试验区油气全产业链开放发展若干措施的批复,国务院,0.5012726783752441,5,33.651775,-5.901028
202001,国务院办公厅关于调整国家能源委员会组成人员的通知,国务院,0.5803840756416321,5,36.082382,-40.650303
201910,国务院办公厅关于成立第二届联合国全球可持续交通大会组委会的通知,国务院,0.5344381928443909,5,31.074596,-41.630066
201910,国务院办公厅关于调整国家应对气候变化及节能减排工作领导小组组成人员的通知,国务院,0.599746584892273,5,32.19375,-41.181496
201908,国务院办公厅关于调整国务院推进政府职能转变和“放管服”改革协调小组组成人员的通知,国务院,0.5096701383590698,5,29.832554,-37.18416
201905+A828:D841,国务院关于同意承德市建设国家可持续发展议程创新示范区的批复,国务院,0.5190860033035278,5,-36.113853,-14.861117
201905,国务院关于同意临沧市建设国家可持续发展议程创新示范区的批复,国务院,0.5234615802764893,5,-37.33302,-14.586421
201905,国务院关于同意郴州市建设国家可持续发展议程创新示范区的批复,国务院,0.5145681500434875,5,-37.35167,-16.143326
201904,国务院关于落实《政府工作报告》重点工作部门分工的意见,国务院,0.5060749053955078,4,4.0371656,-36.646328
201903,国务院办公厅关于修复贵州省生态环境问题的复函,国务院,0.5804665088653564,5,-53.520737,2.4640865
201903,国务院办公厅转发商务部关于加入世界贸易组织后过渡期地方综合性应对工作若干意见的通知,国务院,0.5155656337738037,5,9.803275,-26.861135
201901,国务院办公厅关于印发“无废城市”建设试点工作方案的通知,国务院,0.5008612275123596,4,-23.776108,-6.124296
201812,国务院办公厅关于辽宁省在曾培炎副总理考察工作时所提问题和建议办理情况的函,国务院,0.531093418598175,5,28.237715,-12.112859
201812,国务院办公厅关于四川省在温家宝总理考察工作时所提问题和建议办理情况的函,国务院,0.5248011350631714,5,29.679258,-13.631924
201812,国务院办公厅关于科技节水建议的复函,国务院,0.5221782326698303,5,-29.580873,6.9022
201811,国务院办公厅关于调整国务院第二次全国污染源普查领导小组组成人员的通知,国务院,0.543610155582428,5,33.273994,-42.278736
201810,国务院办公厅关于保持基础设施领域补短板力度的指导意见,国务院,0.506754994392395,4,-3.6166127,-30.788961
201810,国务院办公厅关于加强长江水生生物保护工作的意见,国务院,0.544552206993103,2,-64.14942,8.358833
201810,国务院办公厅关于印发推进运输结构调整三年行动计划（2018—2020年）的通知,国务院,0.5985514521598816,5,-5.641113,-9.521447
201809,国务院关于促进天然气协调稳定发展的若干意见,国务院,0.5899807214736938,5,29.8709,-5.39019
201808,国务院办公厅关于加强核电标准化工作的指导意见,国务院,0.5295311808586121,5,10.341002,6.9371033
201808,国务院办公厅关于调整国家应对气候变化及节能减排工作领导小组组成人员的通知,国务院,0.6085248589515686,5,32.10712,-41.15677
201808,国务院办公厅关于调整国家能源委员会组成人员的通知,国务院,0.63326096534729,5,36.780758,-40.243057
201808,国务院办公厅关于调整国务院振兴东北地区等老工业基地领导小组组成人员的通知,国务院,0.542670488357544,5,30.522547,-39.17372
201808,国务院办公厅关于调整国务院西部地区开发领导小组组成人员的通知,国务院,0.5471997857093811,5,29.816296,-40.07657
201807,国务院办公厅关于调整国务院安全生产委员会组成人员的通知,国务院,0.5007106065750122,5,33.553043,-40.196835
201807,国务院办公厅关于成立国务院推进政府职能转变和“放管服”改革协调小组的通知,国务院,0.5097668170928955,5,29.71078,-36.718277
201807,国务院关于印发打赢蓝天保卫战三年行动计划的通知,国务院,0.5234317183494568,2,-27.392849,15.280411
201804,国务院批转国家经委、国家计委、财政部关于调整煤炭工业若干政策问题的请示的通知,国务院,0.5680854916572571,6,39.911423,0.48604897
201804,国务院批转煤炭工业部、财政部、中国人民银行关于全国统配、重点煤矿向用户增收维简费问题的报告的通知,国务院,0.5188624262809753,5,39.191578,1.4029654
201804,国务院办公厅关于印发电价改革方案的通知,国务院,0.5620628595352173,5,31.729696,4.4227185
201804,国务院关于与外商合作勘探开发石油工作统一归口问题的批复,国务院,0.5129672288894653,5,35.518333,-5.7070036
201804,国务院批转燃料、电力凭证定量供应办法的通知,国务院,0.5642410516738892,5,29.87029,2.7200992
201804,国务院关于落实《政府工作报告》重点工作部门分工的意见,国务院,0.524203896522522,4,4.0216727,-36.28959
201804,国务院批转全国煤矸石、石煤综合利用经验交流会议纪要,国务院,0.5200715065002441,5,38.885105,-2.7906077
201802,国务院关于同意深圳市建设国家可持续发展议程创新示范区的批复,国务院,0.5331128239631653,5,-36.82541,-16.56002
201802,国务院关于同意太原市建设国家可持续发展议程创新示范区的批复,国务院,0.5081745982170105,5,-36.17919,-15.585827
201802,国务院关于同意桂林市建设国家可持续发展议程创新示范区的批复,国务院,0.5272911787033081,5,-37.072556,-15.238577
201712,国务院关于环境保护税收入归属问题的通知,国务院,0.5031588673591614,5,-42.07668,15.835714
201712,国务院关于开展第四次全国经济普查的通知,国务院,0.503727912902832,5,15.3844795,-32.696255
201709,国务院办公厅关于印发第二次全国污染源普查方案的通知,国务院,0.516567051410675,5,-32.53533,-2.3712494
201709,国务院批转国家能源委员会关于地方国营煤矿若干经济政策问题请示的通知,国务院,0.5671122074127197,6,38.759876,-2.3037453
201709,国务院关于加强食糖收购调拨工作严格控制销售的通知,国务院,0.5045471787452698,5,25.214415,-15.07504
201709,国务院关于印发电力体制改革方案的通知,国务院,0.5808318257331848,5,31.322235,4.216188
201709,国务院关于支持山西省进一步深化改革促进资源型经济转型发展的意见,国务院,0.5805048942565918,4,-5.357609,-21.169172
201709,国务院办公厅关于加快推进农业供给侧结构性改革大力发展粮食产业经济的意见,国务院,0.5301498174667358,4,-15.408631,-22.248793
201707,国务院办公厅关于调整国务院推进职能转变协调小组组成人员的通知,国务院,0.5352968573570251,5,30.339087,-37.091217
201707,国务院关于印发新一代人工智能发展规划的通知,国务院,0.5061172246932983,4,3.2645466,-26.652327
201706,国务院办公厅关于加快推进畜禽养殖废弃物资源化利用的意见,国务院,0.5060861706733704,2,-23.567717,-10.840186
201704,国务院批转国家发展改革委关于2017年深化经济体制改革重点工作意见的通知,国务院,0.5332106351852417,4,5.786356,-32.84481
201703,国务院关于落实《政府工作报告》重点工作部门分工的意见,国务院,0.5213007926940918,4,4.981278,-36.837074
201703,国务院关于核安全与放射性污染防治“十三五”规划及2025年远景目标的批复,国务院,0.5431291460990906,5,-26.503277,11.076166
201703,国务院关于印发2003年工作要点的通知,国务院,0.5216310620307922,4,5.245399,-34.48891
201702,国务院关于印发“十三五”现代综合交通运输体系发展规划的通知,国务院,0.5084030628204346,4,-5.5378265,-11.620455
201702,国务院办公厅关于促进建筑业持续健康发展的意见,国务院,0.5062850713729858,1,-13.823411,-3.3572888
201702,国务院关于印发“十三五”国家食品安全规划和“十三五”国家药品安全规划的通知,国务院,0.5004985928535461,4,-12.171503,-26.386368
201702,国务院关于印发全国国土规划纲要（2016—2030年）的通知,国务院,0.5187001824378967,2,-7.0915804,-23.80006
201701,国务院关于印发“十三五”促进民族地区和人口较少民族发展规划的通知,国务院,0.5402172207832336,4,-3.7564135,-26.023138
201701,国务院关于西部大开发“十三五”规划的批复,国务院,0.5241363644599915,5,-4.2374353,-24.389334
201701,国务院办公厅关于创新管理优化服务培育壮大经济发展新动能加快新旧动能接续转换的意见,国务院,0.5312876105308533,4,4.718282,-28.33115
201701,国务院关于全民所有自然资源资产有偿使用制度改革的指导意见,国务院,0.5103273391723633,5,-3.60936,-34.637688
201701,国务院关于印发“十三五”节能减排综合工作方案的通知,国务院,0.6569980978965759,3,-12.224708,20.485336
201701,国务院办公厅关于对国务院第三次大督查发现的典型经验做法给予表扬的通报,国务院,0.5267443656921387,4,11.078164,-34.43798
201612,国务院办公厅关于江苏华达钢铁有限公司和河北安丰钢铁有限公司违法违规行为调查处理情况的通报,国务院,0.5153419971466064,5,23.857916,-6.567115
201612,国务院关于全国土地整治规划（2016—2020年）的批复,国务院,0.513774037361145,5,-7.595744,-24.342762
201612,国务院办公厅关于成立国家新材料产业发展领导小组的通知,国务院,0.5032735466957092,5,28.027376,-38.24606
201612,国务院关于印发“十三五”国家信息化规划的通知,国务院,0.516303539276123,4,2.9645207,-26.590952
201612,国务院关于印发“十三五”旅游业发展规划的通知,国务院,0.503596305847168,5,-0.89703053,-26.91436
201612,国务院关于促进中部地区崛起“十三五”规划的批复,国务院,0.5386183857917786,5,-4.0338855,-22.840633
201612,国务院关于发布政府核准的投资项目目录（2016年本）的通知,国务院,0.5268365144729614,5,19.939392,-21.90401
201612,国务院关于印发“十三五”国家战略性新兴产业发展规划的通知,国务院,0.5200710892677307,4,3.864955,-24.52763
201612,国务院关于印发中国落实2030年可持续发展议程创新示范区建设方案的通知,国务院,0.5730884671211243,5,-36.19621,-16.707266
201612,国务院办公厅关于印发湿地保护修复制度方案的通知,国务院,0.5829997658729553,2,-63.032944,4.4779496
201612,国务院办公厅关于建立统一的绿色产品标准、认证、标识体系的意见,国务院,0.5550248622894287,4,-16.357296,-10.130234
201612,国务院办公厅关于完善支持政策促进农民持续增收的若干意见,国务院,0.5088698267936707,4,-15.417965,-23.264545
201612,国务院关于印发“十三五”生态环境保护规划的通知,国务院,0.5604097247123718,2,-27.167303,11.324302
201611,国务院办公厅关于印发控制污染物排放许可制实施方案的通知,国务院,0.5646786689758301,2,-33.873974,13.615027
201611,国务院办公厅关于对“十二五”时期实行最严格水资源管理制度成绩突出的省级人民政府给予表扬的通报,国务院,0.5249166488647461,5,-25.640799,4.999331
201611,国务院关于全国矿产资源规划（2016—2020年）的批复,国务院,0.5619403123855591,5,48.85841,-11.419058
201611,国务院关于东北振兴“十三五”规划的批复,国务院,0.5204194188117981,5,-0.9398867,-18.794182
201611,国务院关于印发“十三五”控制温室气体排放工作方案的通知,国务院,0.6269162893295288,4,-13.476847,18.90654
201610,国务院关于开展第二次全国污染源普查的通知,国务院,0.5217926502227783,5,-32.55622,-2.4244356
201610,国务院办公厅关于印发国家能源领导小组办公室主要职责内设机构和人员编制规定的通知,国务院,0.6254105567932129,5,38.05913,-39.010883
201610,国务院办公厅关于印发国家发展和改革委员会主要职责内设机构和人员编制规定的通知,国务院,0.5449193120002747,5,33.34434,-31.64219
201610,国务院办公厅关于做好2003年西部开发工作的通知,国务院,0.5104928612709045,5,-2.4284399,-25.735384
201610,国务院办公厅关于开展加油站专项整治工作的通知,国务院,0.5223599672317505,5,34.654167,-11.949355
201610,国务院办公厅转发财政部关于农业综合开发若干意见的通知,国务院,0.5103229284286499,5,-14.366963,-22.289818
201610,国务院办公厅转发国土资源部关于进一步治理整顿矿产资源管理秩序意见的通知,国务院,0.5003584623336792,5,52.02389,-5.874002
201610,国务院办公厅转发国家经贸委等部门关于进一步整顿和规范成品油市场秩序意见的通知,国务院,0.5036707520484924,5,34.68123,-11.844061
201610,国务院办公厅关于进一步做好关闭整顿小煤矿和煤矿安全生产工作的通知,国务院,0.508811891078949,6,53.06985,0.425575
201610,国务院办公厅关于认真做好第二次全国基本单位普查的通知,国务院,0.5026885271072388,5,16.329905,-32.44196
201609,国务院办公厅关于大力发展装配式建筑的指导意见,国务院,0.5063410401344299,1,-14.1328335,-2.3156543
201609,国务院关于同意新增部分县（市、区、旗）纳入国家重点生态功能区的批复,国务院,0.5300166010856628,5,-34.598537,-10.854223
201609,国务院办公厅关于转发国家发展改革委物流业降本增效专项行动方案（2016—2018年）的通知,国务院,0.5033385753631592,4,-4.5896397,-10.675537
201609,国务院关于进一步加快旅游业发展的通知,国务院,0.5115798711776733,5,-0.004393148,-27.519493
201609,国务院办公厅关于印发2008年节能减排工作安排的通知,国务院,0.643403172492981,3,-11.220773,22.19491
201609,国务院办公厅关于成立国务院煤电油运和抢险抗灾应急指挥中心的通知,国务院,0.5325142741203308,5,30.209723,6.0975723
201609,国务院办公厅转发国家计委国家经贸委关于制止电解铝行业重复建设势头意见的通知,国务院,0.5275267362594604,5,24.989103,-17.694134
201609,国务院关于同意扩大陆上石油对外合作的批复,国务院,0.5089436769485474,5,35.123657,-5.96392
201609,国务院关于提高铁路货运、煤炭、天然气价格的通知,国务院,0.5748797655105591,5,37.460876,1.1871362
201608,国务院关于开展第三次大督查的通知,国务院,0.5035711526870728,5,10.135104,-35.209084
201608,国务院批转国家计委关于调整原油、天然气、成品油价格请示的通知,国务院,0.558233380317688,5,35.22248,-10.852496
201608,国务院关于印发降低实体经济企业成本工作方案的通知,国务院,0.5013251304626465,4,5.088562,-18.993227
201608,国务院办公厅关于石化产业调结构促转型增效益的指导意见,国务院,0.6209912300109863,4,13.020174,-12.087935
201607,国务院办公厅关于推动中央企业结构调整与重组的指导意见,国务院,0.5652205348014832,4,11.913428,-22.944288
201606,国务院办公厅关于调整国家能源委员会组成人员的通知,国务院,0.6437278985977173,5,36.78421,-39.896812
201606,国务院办公厅关于营造良好市场环境促进有色金属工业调结构促转型增效益的指导意见,国务院,0.5822944045066833,4,15.461675,-11.722994
201606,国务院办公厅关于印发国务院2009年立法工作计划的通知,国务院,0.5002847909927368,5,0.35448664,-29.989937
201606,国务院办公厅关于印发国家能源局主要职责内设机构和人员编制规定的通知,国务院,0.6493346691131592,5,38.260563,-38.420784
201606,国务院办公厅关于印发国务院2008年立法工作计划的通知,国务院,0.5232405066490173,5,0.4309215,-30.01271
201605,国务院关于印发土壤污染防治行动计划的通知,国务院,0.520416796207428,2,-28.250471,9.21263
201605,国务院关于印发2016年推进简政放权放管结合优化服务改革工作要点的通知,国务院,0.5063852667808533,4,5.3203177,-30.588839
201605,国务院办公厅关于促进建材工业稳增长调结构增效益的指导意见,国务院,0.5556517839431763,4,15.24019,-5.9126525
201605,国务院办公厅关于健全生态保护补偿机制的意见,国务院,0.5047226548194885,2,-55.969994,5.642539
201604,国务院办公厅关于印发2016年《政府工作报告》量化指标任务分工的通知,国务院,0.5030031204223633,5,8.206866,-36.408504
201604,国务院办公厅关于印发国务院2016年立法工作计划的通知,国务院,0.5121574401855469,5,0.58478826,-29.516825
201604,国务院办公厅转发机械部关于发电设备制造企业对外合资工作意见的通知,国务院,0.5626316666603088,5,30.515282,0.34839883
201603,国务院批转国家发展改革委关于2016年深化经济体制改革重点工作意见的通知,国务院,0.5604326128959656,4,6.0273776,-32.58012
201603,国务院关于落实《政府工作报告》重点工作部门分工的意见,国务院,0.5365314483642578,4,5.1962256,-36.087772
201602,国务院办公厅转发国家发展改革委关于“十三五”期间实施新一轮农村电网改造升级工程意见的通知,国务院,0.5581502914428711,5,25.119516,13.9742
201602,国务院关于深入推进新型城镇化建设的若干意见,国务院,0.5008239150047302,4,-2.807301,-29.436213
201602,国务院关于煤炭行业化解过剩产能实现脱困发展的意见,国务院,0.6148697733879089,6,45.902325,1.9803731
201602,国务院关于钢铁行业化解过剩产能实现脱困发展的意见,国务院,0.5546854138374329,4,21.42213,-12.596281
201601,国务院关于印发推进普惠金融发展规划（2016—2020年）的通知,国务院,0.502507209777832,4,-12.17725,-39.018967
201512,国务院批转国家计委、国家经贸委关于改革原油、成品油流通体制意见的通知,国务院,0.5263228416442871,5,34.9298,-11.19825
201512,国务院批转国务院生产办公室关于进一步做好限产压库工作意见的通知,国务院,0.5107131004333496,5,23.947485,-15.922517
201512,国务院批转国家计委、国务院生产办关于控制若干长线产品和热点产品建设项目审批请示的通知,国务院,0.5256399512290955,5,23.214533,-18.88605
201512,国务院关于严格控制扩大炼油生产能力的通知,国务院,0.5915708541870117,5,33.810238,-8.909755
201512,国务院办公厅转发纺织部、国家计委、国务院生产办关于严格控制棉纺、毛纺生产能力和加强化纤生产能力管理意见的通知,国务院,0.5059131383895874,5,23.921448,-17.271338
201512,国务院关于严格控制企业继续生产积压产品的通知,国务院,0.510423481464386,5,23.822138,-16.313963
201511,国务院办公厅关于印发国家大面积停电事件应急预案的通知,国务院,0.5068314075469971,5,28.996038,5.904014
201510,国务院办公厅关于调整国务院扶贫开发领导小组组成人员的通知,国务院,0.5016682744026184,5,29.535053,-40.69933
201510,国务院办公厅关于加快电动汽车充电基础设施建设的指导意见,国务院,0.5087782144546509,0,11.387321,14.715427
201509,国务院关于环渤海地区合作发展纲要的批复,国务院,0.5108749866485596,5,-3.7765896,-21.674397
201509,国务院关于调整和完善固定资产投资项目资本金制度的通知,国务院,0.5118791460990906,5,21.023216,-23.595184
201508,国务院办公厅关于加快转变农业发展方式的意见,国务院,0.5274381041526794,4,-15.114784,-21.965385
201506,国务院办公厅关于成立国家制造强国建设领导小组的通知,国务院,0.5122344493865967,5,28.27361,-38.234947
201505,国务院批转发展改革委关于2015年深化经济体制改革重点工作意见的通知,国务院,0.5259388089179993,4,6.5447345,-32.98084
201505,国务院关于推进国际产能和装备制造合作的指导意见,国务院,0.5349292159080505,4,6.942347,-25.336727
201505,国务院关于印发2015年推进简政放权放管结合转变政府职能工作方案的通知,国务院,0.5178044438362122,5,5.350534,-30.84824
201504,国务院办公厅关于成立国务院推进职能转变协调小组的通知,国务院,0.5171810388565063,5,29.712492,-36.057995
201504,国务院关于进一步促进展览业改革发展的若干意见,国务院,0.5044693946838379,5,5.896492,-27.555742
201504,国务院关于印发水污染防治行动计划的通知,国务院,0.506790816783905,2,-27.681482,6.093183
201504,国务院关于落实《政府工作报告》重点工作部门分工的意见,国务院,0.5146185159683228,4,5.6717925,-36.26225
201504,国务院办公厅关于加强节能标准化工作的意见,国务院,0.5747156739234924,3,-8.134773,31.897072
201501,国务院关于促进云计算创新发展培育信息产业新业态的意见,国务院,0.5083325505256653,4,3.5357058,-27.331163
201501,国务院办公厅关于推行环境污染第三方治理的意见,国务院,0.5238030552864075,2,-36.637535,12.889383
201411,国务院关于创新重点领域投融资机制鼓励社会投资的指导意见,国务院,0.5238537192344666,4,-2.3694787,-34.755386
201411,国务院办公厅关于印发能源发展战略行动计划（2014-2020年）的通知,国务院,0.6641680002212524,4,1.5154631,11.190704
201411,国务院关于发布政府核准的投资项目目录（2014年本）的通知,国务院,0.529617965221405,5,19.975525,-21.929888
201411,国务院办公厅关于促进内贸流通健康发展的若干意见,国务院,0.5083208084106445,4,6.767051,-26.774948
201411,国务院办公厅关于加强进口的若干意见,国务院,0.5084718465805054,4,8.605245,-25.03765
201410,国务院办公厅关于同意中国—新加坡天津生态城建设国家绿色发展示范区实施方案的复函,国务院,0.5507707595825195,5,-34.347404,-13.438311
201409,国务院关于国家应对气候变化规划（2014—2020年）的批复,国务院,0.5950062274932861,5,-14.720645,18.9214
201409,国务院关于促进海运业健康发展的若干意见,国务院,0.5271810293197632,5,1.3633733,-25.670738
201408,国务院办公厅关于进一步推进排污权有偿使用和交易试点工作的指导意见,国务院,0.5790548920631409,5,-37.247078,14.470451
201408,国务院关于促进旅游业改革发展的若干意见,国务院,0.5105251669883728,5,0.17912757,-26.776436
201408,国务院关于近期支持东北振兴若干重大政策举措的意见,国务院,0.50751131772995,4,-0.15907599,-17.56981
201408,国务院办公厅关于多措并举着力缓解企业融资成本高问题的指导意见,国务院,0.505425751209259,4,-11.053247,-40.13193
201408,国务院关于加快发展生产性服务业促进产业结构调整升级的指导意见,国务院,0.524129331111908,4,5.072569,-27.07941
201407,国务院办公厅关于加快新能源汽车推广应用的指导意见,国务院,0.5415254235267639,0,11.382691,16.199795
201406,国务院关于对稳增长促改革调结构惠民生政策措施落实情况开展全面督查的通知,国务院,0.5143059492111206,5,10.106645,-35.20924
201405,国务院办公厅关于印发大气污染防治行动计划实施情况考核办法（试行）的通知,国务院,0.5193130373954773,2,-34.12106,21.634691
201405,国务院办公厅关于印发2014-2015年节能减排低碳发展行动方案的通知,国务院,0.6390410661697388,3,-11.947124,19.85604
201405,国务院批转发展改革委关于2014年深化经济体制改革重点任务意见的通知,国务院,0.5345829129219055,4,7.018605,-33.282642
201405,国务院办公厅关于支持外贸稳定增长的若干意见,国务院,0.5007563829421997,4,8.635589,-25.386087
201405,国务院关于进一步促进资本市场健康发展的若干意见,国务院,0.5176267623901367,4,-0.82851297,-34.838387
201405,国务院办公厅关于印发贯彻实施质量发展纲要2014年行动计划的通知,国务院,0.5086221098899841,4,-11.797598,-26.36076
201404,国务院办公厅转发发展改革委关于建立保障天然气稳定供应长效机制若干意见的通知,国务院,0.555029034614563,5,30.566374,-5.8761687
201404,国务院关于洞庭湖生态经济区规划的批复,国务院,0.5102723240852356,5,-34.44802,-10.327359
201404,国务院关于落实《政府工作报告》重点工作部门分工的意见,国务院,0.5159262418746948,4,6.6769195,-35.5701
201404,国务院关于支持福建省深入实施生态省战略加快生态文明先行示范区建设的若干意见,国务院,0.5497778058052063,2,-46.48806,1.1703342
201403,国务院办公厅关于落实中共中央国务院关于全面深化农村改革加快推进农业现代化若干意见有关政策措施分工的通知,国务院,0.5112018585205078,4,-14.4904995,-23.314137
201402,国务院办公厅关于印发中国食物与营养发展纲要（2014—2020年）的通知,国务院,0.5116824507713318,5,-12.890372,-25.29454
201312,国务院关于发布政府核准的投资项目目录(2013年本)的通知,国务院,0.5151984095573425,5,20.375767,-22.120438
201312,国务院关于印发全国资源型城市可持续发展规划(2013-2020年)的通知,国务院,0.5577890276908875,4,-6.916931,-22.03187
201311,国务院办公厅关于促进煤炭行业平稳运行的意见,国务院,0.613956868648529,6,47.80934,2.6257
201310,城镇排水与污水处理条例,国务院,0.5033559799194336,5,-34.26043,11.138295
201310,国务院办公厅关于进一步加强煤矿安全生产工作的意见,国务院,0.5359299778938293,6,49.21086,3.039882
201310,国务院关于化解产能严重过剩矛盾的指导意见,国务院,0.6049462556838989,4,20.973957,-14.04442
201310,国务院关于切实抓紧抓好粮食工作的通知,国务院,0.516735315322876,5,-13.699206,-23.096087
201309,国务院办公厅关于进一步加快煤层气(煤矿瓦斯)抽采利用的意见,国务院,0.5619736313819885,6,51.562454,5.9593477
201309,国务院关于加强城市基础设施建设的意见,国务院,0.5193268060684204,2,-3.691147,-30.471714
201309,国务院关于印发大气污染防治行动计划的通知,国务院,0.5473887324333191,2,-27.941214,15.201951
201309,国务院办公厅转发全国工业普查领导小组等部门关于加强各级工业普查机构的请示报告的通知,国务院,0.5049387812614441,5,17.277397,-32.577965
201308,国务院关于改革铁路投融资体制加快推进铁路建设的意见,国务院,0.5065249800682068,5,-4.6812615,-30.996267
201308,国务院关于加快发展节能环保产业的意见,国务院,0.6054302453994751,3,-8.044584,16.154827
201308,国务院办公厅关于金融支持小微企业发展的实施意见,国务院,0.510991096496582,4,-11.629857,-39.97154
201308,国务院关于印发船舶工业加快结构调整促进转型升级实施方案(2013-2015年)的通知,国务院,0.5603821873664856,4,14.255719,-20.567522
201307,国务院关于促进光伏产业健康发展的若干意见,国务院,0.5686457753181458,4,8.999141,12.6574135
201307,国务院办公厅关于调整国家能源委员会组成人员的通知,国务院,0.6454431414604187,5,36.73637,-39.560287
201307,国务院办公厅关于金融支持经济结构调整和转型升级的指导意见,国务院,0.5578032732009888,4,-10.983708,-40.135723
201306,国务院办公厅关于调整国务院扶贫开发领导小组组成人员的通知,国务院,0.5052987337112427,5,29.457048,-40.76494
201306,国务院关于促进海洋渔业持续健康发展的若干意见,国务院,0.5304260849952698,5,2.1579814,-21.799414
201306,国务院办公厅关于印发国家能源局主要职责内设机构和人员编制规定的通知,国务院,0.635749101638794,5,38.57116,-37.889236
201305,国务院办公厅关于调整国务院安全生产委员会组成人员的通知,国务院,0.5183497667312622,5,33.58028,-40.12672
201305,国务院批转发展改革委关于2013年深化经济体制改革重点工作意见的通知,国务院,0.5087029933929443,4,7.020442,-32.686554
201303,国务院关于落实《政府工作报告》和国务院第一次全体会议精神重点工作部门分工的意见,国务院,0.5174921154975891,4,6.3150005,-36.456833
201303,国务院办公厅关于实施《国务院机构改革和职能转变方案》任务分工的通知,国务院,0.5242161750793457,5,30.917988,-34.06337
201303,国务院办公厅关于印发贯彻实施质量发展纲要2013年行动计划的通知,国务院,0.51466965675354,4,-11.050919,-26.786886
201302,国务院办公厅关于加强内燃机工业节能减排的意见,国务院,0.6201339960098267,5,-9.3361635,21.7901
201302,国务院办公厅关于落实中共中央国务院关于加快发展现代农业进一步增强农村发展活力若干意见,国务院,0.5032036900520325,4,-14.657977,-23.26058
201302,国务院关于印发循环经济发展战略及近期行动计划的通知,国务院,0.5713915824890137,4,-9.115486,13.712144
201302,国务院关于同意建立金属非金属矿山整顿工作部际联席会议制度的批复,国务院,0.5079824924468994,5,54.40663,-1.9178802
201301,国务院办公厅关于印发近期土壤环境保护和综合治理工作安排的通知,国务院,0.5071473121643066,2,-28.282541,9.13854
201301,国务院关于印发能源发展“十二五”规划的通知,国务院,0.6848893165588379,4,1.338307,11.240702
201301,国务院关于印发全国海洋经济发展“十二五”规划的通知,国务院,0.5322133898735046,4,2.5640166,-22.17664
201301,国务院批转国家计委等八个部门关于扩大机电产品出口报告的通知,国务院,0.5062077045440674,5,11.80705,-26.267336
201301,国务院办公厅关于印发实行最严格水资源管理制度考核办法的通知,国务院,0.512873113155365,5,-26.196196,4.388451
201301,国务院办公厅关于转发发展改革委住房城乡建设部绿色建筑行动方案的通知,国务院,0.6445984840393066,1,-13.826235,3.975457
201212,国务院办公厅关于深化电煤市场化改革的指导意见,国务院,0.5895450115203857,5,37.35667,3.4420257
201211,国务院关于开展第三次全国经济普查的通知,国务院,0.5214377045631409,5,15.453529,-32.61048
201211,国务院办公厅转发安全监管总局等部门关于依法做好金属非金属矿山整顿工作意见的通知,国务院,0.5602206587791443,6,53.768906,-1.9083699
201210,国务院办公厅关于印发国家环境保护“十二五”规划重点工作部门分工方案的通知,国务院,0.5798395872116089,2,-26.883455,12.599708
201209,国务院办公厅关于印发十二个领域技术政策要点（草案）的通知,国务院,0.5030608177185059,5,8.193732,-28.361258
201209,国务院关于促进企业技术改造的指导意见,国务院,0.5075052976608276,4,12.772802,-23.41694
201208,国务院关于大力实施促进中部地区崛起战略的若干意见,国务院,0.5168687105178833,4,-0.94067305,-23.644464
201208,国务院关于同意申请国际海底矿区登记的批复,国务院,0.504301905632019,5,35.6836,-4.5030613
201208,国务院办公厅关于人大常委黄顺兴委员考察报告中所提问题调查处理情况的函,国务院,0.5090256929397583,5,28.216805,-14.099486
201208,国务院关于四川国有林区森工调整改革方案的批复,国务院,0.5179974436759949,5,30.926165,-14.200011
201208,国务院关于印发节能减排“十二五”规划的通知,国务院,0.6416799426078796,3,-11.62076,20.593462
201208,国务院办公厅关于加快林下经济发展的意见,国务院,0.5258975625038147,5,-49.65738,4.916688
201207,国务院办公厅关于撤销国务院农村能源领导小组办公室的通知,国务院,0.6064415574073792,5,38.640785,-39.95523
201207,国务院关于印发“十二五”国家战略性新兴产业发展规划的通知,国务院,0.5262442231178284,4,3.9194071,-24.285717
201207,国务院办公厅关于印发少数民族事业“十二五”规划的通知,国务院,0.5061653852462769,5,-3.6376402,-26.166708
201207,国务院关于大力推进信息化发展和切实保障信息安全的若干意见,国务院,0.5093890428543091,4,2.4500937,-28.78606
201207,国务院关于促进民航业发展的若干意见,国务院,0.5263132452964783,5,1.0019712,-26.681343
201207,关于湖南省请求解决的几个问题的复函,国务院,0.5177187323570251,5,29.711218,-13.415964
201207,国务院办公厅转发国家计委关于暂缓审批彩管及玻壳建设项目的立项和可行性研究报告请示的通知,国务院,0.5036596059799194,5,24.610092,-18.560482
201207,国务院关于哈尔滨发电设备制造基建项目可行性研究报告的批复,国务院,0.5661460757255554,5,31.207855,-0.6178306
201207,国务院关于印发节能与新能源汽车产业发展规划(2012―2020年)的通知,国务院,0.5734320878982544,0,10.86812,16.539108
201207,关于对山东省改善宏观管理搞活地方经济建议的复函,国务院,0.5153295397758484,5,24.32529,-24.67581
201207,国务院关于将东北能源交通规划办公室改为东北经济区规划办公室的批复,国务院,0.5643421411514282,5,24.647903,-31.131886
201207,国务院关于江苏、浙江、安徽省和上海市集资办电问题的批复,国务院,0.5376734137535095,5,32.029102,1.3507588
201207,国务院关于冶金工业部实行钢铁工业投入产出包干方案的批复,国务院,0.5430198907852173,5,22.958462,-13.251313
201207,国务院关于山西能源基地规划办公室改变名称问题的批复,国务院,0.5694783329963684,5,32.52039,-3.0236144
201207,关于国务院以煤代油专用资金办公室领导成员调整情况的批复,国务院,0.569918155670166,5,36.099236,-38.09116
201207,国务院关于建设大连、上安、南通、福州四座电厂问题的批复,国务院,0.5592746138572693,5,31.68905,-0.38734218
201206,国务院关于印发“十二五”节能环保产业发展规划的通知,国务院,0.6038981080055237,3,-8.521751,16.007519
201206,国务院办公厅关于转发国土资源部等部门找矿突破战略行动纲要（2011—2020年）的通知,国务院,0.5450958013534546,5,48.932774,-10.861157
201206,国务院办公厅转发国家计委等部门关于改进煤炭加价和铁路运煤加价负担办法的报告的通知,国务院,0.5620490312576294,5,38.812057,1.7455463
201206,国务院办公厅关于“七五”期间以煤代油计划安排问题的通知,国务院,0.6073217988014221,5,33.48679,-7.8566065
201206,国务院办公厅关于纠正用提价办法集资扩大基建规模的通知,国务院,0.5265024304389954,5,31.961298,1.7826523
201206,国务院办公厅转发国家计委关于四个规划办公室第二次工作座谈会情况报告的通知,国务院,0.5512075424194336,5,24.586233,-31.159472
201206,国务院办公厅转发国家计委关于国家产业政策贯彻执行情况和下一步工作意见报告的通知,国务院,0.5447927713394165,5,10.677861,-28.650026
201206,国务院办公厅关于努力改善当前农业用油紧缺状况的通知,国务院,0.5465413331985474,5,32.749813,-10.3730755
201206,国务院关于清理一九八五年第四季度新开工的计划外基本建设项目的通知,国务院,0.5416551828384399,5,23.2646,-21.66065
201206,国务院办公厅转发煤炭部、山西省人民政府关于实行煤炭行业归口管理简政放权意见的通知,国务院,0.5247469544410706,5,42.2227,-0.6435568
201206,国务院批转国家物价局、煤炭工业部关于扩大统配煤地区差价和调整品种比价方案的通知,国务院,0.5723752379417419,5,38.49485,0.9316695
201206,国务院关于提高煤炭价格的通知,国务院,0.5515965223312378,5,38.13488,1.4556934
201206,国务院关于控制固定资产投资规模的若干规定,国务院,0.5045770406723022,5,22.321966,-22.373926
201206,国务院关于贯彻国家产业政策对若干产品生产能力的建设和改造加强管理的通知,国务院,0.5657703280448914,5,22.426783,-19.312162
201206,国务院办公厅转发发展改革委等部门关于加快培育国际合作和竞争新优势指导意见的通知,国务院,0.5016999244689941,4,7.9242425,-26.78502
201205,国务院批转国家计委关于“七五”行业技术政策和技术改造问题报告的通知,国务院,0.5243197083473206,4,13.264958,-25.362804
201205,国务院办公厅关于印发“十二五”全国城镇污水处理及再生利用设施建设规划的通知,国务院,0.5070936679840088,5,-30.28297,6.741299
201205,国务院关于加强进口促进对外贸易平衡发展的指导意见,国务院,0.5054327249526978,4,8.18099,-25.825647
201204,国务院关于进一步支持小型微型企业健康发展的意见,国务院,0.5331082940101624,5,-0.30034643,-33.57527
201204,国务院办公厅关于中国华能集团公司外事审批权问题的复函,国务院,0.5215604901313782,5,34.89036,-2.5878396
201204,国务院办公厅关于中国统配煤矿等三个总公司外事审批权问题的复函,国务院,0.5311119556427002,5,35.21287,-2.8408306
201203,国务院关于落实《政府工作报告》重点工作部门分工的意见,国务院,0.5135884881019592,4,6.65253,-36.6918
201203,国务院批转发展改革委关于2012年深化经济体制改革重点工作意见的通知,国务院,0.5435640811920166,4,6.79547,-31.88036
201203,国务院关于东北振兴“十二五”规划的批复,国务院,0.5228679776191711,4,-1.1119859,-19.11425
201203,国务院办公厅关于转发机电出口办机电产品出口体制改革方案的通知,国务院,0.5088865756988525,5,11.627375,-26.348364
201202,国务院关于调整各部门物资供销机构有关问题的通知,国务院,0.5205035209655762,5,29.629316,-29.67754
201202,国务院关于西部大开发“十二五”规划的批复,国务院,0.5382276773452759,5,-4.1443114,-24.464664
201202,国务院办公厅关于继续深入扎实开展“安全生产年”活动的通知,国务院,0.5213904976844788,6,1.3813283,-31.230677
201202,国务院印发关于深化物资体制改革方案的通知,国务院,0.5208847522735596,5,29.648397,-29.75066
201202,国务院办公厅关于物资体制改革领导小组组成人员的通知,国务院,0.5047863125801086,5,32.01319,-36.816006
201202,国务院关于实行最严格水资源管理制度的意见,国务院,0.5263791680335999,2,-25.713745,4.357646
201202,国务院办公厅关于加快发展海水淡化产业的意见,国务院,0.5110698938369751,5,2.5167003,-21.82108
201202,国务院关于印发质量发展纲要（2011-2020年）的通知,国务院,0.5141855478286743,4,2.0495186,-29.819622
201202,国务院办公厅关于组建中国华能集团公司的复函,国务院,0.5080735683441162,5,34.25267,-1.7913306
201201,国务院办公厅关于调整国务院重大技术装备领导小组成员的通知,国务院,0.5246809124946594,5,31.846687,-38.501602
201201,国务院办公厅转发国家经委关于进一步压缩钢材库存报告的通知,国务院,0.5229480266571045,5,23.361036,-15.103633
201201,国务院办公厅关于调整国务院三线建设调整改造规划办公室成员的通知,国务院,0.5589100122451782,5,31.875793,-38.207806
201201,国务院关于印发工业转型升级规划（2011—2015年）的通知,国务院,0.556861400604248,4,4.7793784,-25.352743
201201,国务院关于进一步促进贵州经济社会又好又快发展的若干意见,国务院,0.5096986889839172,4,-1.2192688,-24.274584
201201,国务院关于印发“十二五”控制温室气体排放工作方案的通知,国务院,0.5898177027702332,4,-13.540176,19.184809
201112,国务院关于印发国家环境保护“十二五”规划的通知,国务院,0.573104202747345,2,-27.41503,11.523502
201112,国务院办公厅关于印发信息技术发展政策要点和生物技术发展政策要点的通知,国务院,0.5114972591400146,4,7.8772078,-28.312027
201112,国务院关于坚持科学发展安全发展促进安全生产形势持续稳定好转的意见,国务院,0.5873453617095947,6,2.1862352,-30.965778
201111,国务院关于国家环境保护“九五”计划和2010年远景目标的批复,国务院,0.5309609770774841,5,-28.216171,11.925838
201111,国务院办公厅关于组建中国电力企业联合会的复函,国务院,0.5165775418281555,5,33.749428,-1.0682573
201111,国务院关于推行煤电联营问题的批复,国务院,0.5603316426277161,5,37.78452,-2.2585588
201111,国务院办公厅关于达赉湖国家级自然保护区扩大范围有关问题的复函,国务院,0.5017583966255188,5,-59.61015,9.68793
201110,国务院办公厅关于调整国务院核电领导小组成员的通知,国务院,0.5701855421066284,5,35.3191,-39.44901
201110,国务院关于加强环境保护重点工作的意见,国务院,0.5288794040679932,2,-29.3406,11.033484
201110,国务院关于全国地下水污染防治规划(2011—2020年)的批复,国务院,0.512887179851532,5,-27.982462,5.8150525
201110,国务院关于修改《中华人民共和国资源税暂行条例》的决定,国务院,0.5203892588615417,5,40.415348,6.644679
201109,国务院关于对“十一五”节能减排工作成绩突出的省级人民政府给予表扬的通报,国务院,0.6107288002967834,3,-12.014138,22.289557
201109,国务院办公厅关于调整国家能源委员会组成人员的通知,国务院,0.6448570489883423,5,36.39284,-39.651596
201109,国务院关于进一步清理固定资产投资在建项目的通知,国务院,0.5248372554779053,5,23.614193,-22.34497
201109,国务院关于当前产业政策要点的决定,国务院,0.5437207221984863,4,10.95747,-28.73401
201109,国务院办公厅关于进行全国投入产出调查的通知,国务院,0.5265935659408569,5,15.036843,-31.208286
201109,国务院关于清理固定资产投资项目严格实行指标控制和考核的通知,国务院,0.5313920974731445,5,23.405695,-23.044147
201109,国务院关于印发“十二五”节能减排综合性工作方案的通知,国务院,0.6423325538635254,3,-11.965904,20.848164
201109,国务院关于印发投资管理体制近期改革方案的通知,国务院,0.5367758274078369,5,22.548693,-23.377842
201108,国务院关于清理固定资产投资在建项目压缩投资规模、调整投资结构的通知,国务院,0.5670560002326965,5,23.595818,-22.84207
201108,国务院关于放宽固定资产投资审批权限和简化审批手续的通知,国务院,0.5129522085189819,5,21.829506,-22.182281
201108,国务院关于扩大征集国家能源交通重点建设基金的规定,国务院,0.5273920893669128,5,32.588543,-7.1659765
201108,国务院批转国家计委等四个部门关于在全国实行天然气商品量常数包干办法报告的通知,国务院,0.5465076565742493,5,33.5688,-8.139545
201108,国务院批转国家计委关于发行一九八七年电力建设债券报告的通知,国务院,0.541203498840332,5,30.882732,1.7929988
201108,国务院关于印发电力工业管理体制改革方案的通知,国务院,0.5780212879180908,5,30.988518,3.9623268
201108,国务院关于促进牧区又好又快发展的若干意见,国务院,0.5021253824234009,5,-1.9460644,-22.433197
201107,国务院办公厅关于调整国务院振兴东北地区等老工业基地领导小组组成人员的通知,国务院,0.5507798790931702,5,30.661623,-39.098812
201107,电力安全事故应急处置和调查处理条例,国务院,0.515303909778595,5,28.807236,6.2273455
201106,国务院关于进一步促进内蒙古经济社会又好又快发展的若干意见,国务院,0.5243627429008484,4,-1.8667231,-22.337013
201106,国务院关于印发全国主体功能区规划的通知,国务院,0.5121924877166748,2,-6.9888186,-23.232944
201106,国务院批转发展改革委关于2011年深化经济体制改革重点工作意见的通知,国务院,0.5386978983879089,4,6.7144933,-31.506706
201105,国务院办公厅转发发展改革委安全监管总局关于进一步加强煤矿瓦斯防治工作若干意见的通知,国务院,0.5168765783309937,6,51.55962,4.9373875
201105,国务院关于促进稀土行业持续健康发展的若干意见,国务院,0.5296586751937866,5,4.825894,-22.973171
201105,国务院办公厅转发发展改革委关于实施新一轮农村电网改造升级工程意见的通知,国务院,0.5561053156852722,5,25.26923,14.062711
201104,国务院办公厅转发发展改革委财政部交通运输部关于进一步完善投融资政策促进普通公路持续健康发展若干意见的通知,国务院,0.5349313616752625,5,-7.4665008,-32.483925
201103,国务院办公厅关于调整国务院贫困地区经济开发领导小组的通知,国务院,0.5036355257034302,5,28.954767,-40.842083
201103,国务院办公厅关于调整国务院环境保护委员会成员的通知,国务院,0.5258342623710632,5,33.349533,-42.93062
201103,国务院办公厅转发国家计委和水电部关于黄河可供水量分配方案报告的通知,国务院,0.5173851251602173,5,-27.990105,3.1906586
201103,国务院办公厅关于调整全国农业区划委员会成员的通知,国务院,0.5035808682441711,5,28.329817,-41.54659
201103,国务院办公厅关于成立全国水资源与水土保持工作领导小组的通知,国务院,0.5051159858703613,5,31.336542,-43.756573
201103,国务院关于落实《政府工作报告》重点工作部门分工的意见,国务院,0.5149399042129517,4,6.7855306,-36.089115
201012,国务院批转国家计委和机构改革办公室关于有关部门与国家专业投资公司职责划分意见的通知,国务院,0.5031307339668274,5,31.157534,-32.240406
201012,国务院关于继续严格控制固定资产投资新开工项目的通知,国务院,0.5310371518135071,5,22.7632,-21.794842
201012,国务院关于成立生产委员会的通知,国务院,0.5435526371002197,5,30.479761,-30.708061
201012,国务院批转国家计委关于西北地区经济规划问题报告的通知,国务院,0.5194211006164551,5,-3.2507613,-24.443657
201012,国务院办公厅关于印发建设部职能配置内设机构和人员编制规定的通知,国务院,0.5055232644081116,5,34.958572,-33.476627
201012,国务院办公厅关于调整全国矿产储量委员会组成人员的通知,国务院,0.5593283772468567,5,36.2997,-36.21909
201012,国务院办公厅关于印发国家计划委员会职能配置、内设机构和人员编制方案的通知,国务院,0.5325140953063965,5,32.954796,-32.250126
201012,国务院办公厅关于调整国家核事故应急协调委员会组成单位及其成员的通知,国务院,0.5194947123527527,5,33.987064,-38.293224
201012,国务院办公厅关于印发国家科学技术委员会和国家海洋局、国家地震局职能配置、内设机构和人员编制方案的通知,国务院,0.5229089260101318,5,33.58795,-34.220512
201012,国务院办公厅转发劳动部关于压力容器整顿治理情况和进一步加强安全工作报告的通知,国务院,0.5332313776016235,5,34.535305,-14.155728
201012,国务院办公厅转发人民银行关于加强金融宏观调控支持经济 更好更快发展意见的通知,国务院,0.5303698182106018,5,-9.952146,-39.904568
201012,国务院批转能源部、国家计委关于改进现行电力分配办法请示的通知,国务院,0.5907369256019592,5,30.81356,2.871588
201012,国务院关于玉门石油管理局划归中国石油天然气总公司管理的批复,国务院,0.5144838094711304,5,36.30284,-7.8373604
201012,国务院办公厅关于建设山西阳城电厂问题的复函,国务院,0.5326357483863831,5,31.766571,0.32162556
201012,国务院关于同意辽河油田划归中国石油天然气总公司管理的批复,国务院,0.5041999220848083,5,36.09566,-7.896733
201012,国务院关于同意大港石油管理局划归中国石油天然气总公司管理的批复,国务院,0.5021254420280457,5,36.39128,-7.573708
201012,国务院关于山西省地方煤炭自营出口权问题的批复,国务院,0.5075184106826782,5,39.326473,-1.0382705
201012,国务院关于乌江干流沿岸地区国土规划综合报告的批复,国务院,0.5167365670204163,5,-33.609203,-9.056066
201012,国务院办公厅关于加强经济体制改革协调工作的通知,国务院,0.5028777122497559,5,28.851498,-33.22752
201012,国务院办公厅转发国家经贸委、国家计委关于加强发电设备管理意见的通知,国务院,0.5719778537750244,5,29.925457,2.4090648
201012,国务院办公厅关于印发机械工业部职能配置、内设机构和人员编制方案的通知,国务院,0.5057033896446228,5,35.60004,-31.92808
201012,国务院办公厅关于印发电力工业部职能配置、内设机构和人员编制方案的通知,国务院,0.5890044569969177,5,38.801285,-36.8252
201012,国务院办公厅关于印发化学工业部职能配置、内设机构和人员编制方案的通知,国务院,0.5369421243667603,5,36.795174,-31.165775
201012,国务院办公厅关于印发煤炭工业部职能配置、内设机构和人员编制方案的通知,国务院,0.577136218547821,5,38.67051,-31.719526
201012,国务院办公厅转发发展改革委农业部关于加快转变东北地区农业发展方式建设现代农业指导意见的通知,国务院,0.5053784847259521,4,-14.294363,-21.016844
201012,国务院关于改革山西煤炭工业管理体制问题的批复,国务院,0.5532466769218445,5,42.867077,-1.023105
201011,国务院办公厅关于印发国家环境保护总局职能配置内设机构和人员编制规定的通知,国务院,0.5219972729682922,2,34.735157,-44.077557
201011,国务院办公厅关于确保居民生活用电和正常发用电秩序的紧急通知,国务院,0.5838358998298645,5,28.676212,4.9365826
201011,国务院办公厅关于印发国家煤炭工业局职能配置内设机构和人员编制规定的通知,国务院,0.5663910508155823,5,38.59841,-31.756102
201011,国务院办公厅关于印发国家林业局职能配置内设机构和人员编制规定的通知,国务院,0.5026290416717529,5,40.450413,-33.666725
201011,国务院关于二氧化硫排污收费扩大试点工作有关问题的批复,国务院,0.5135353207588196,5,-30.148596,13.716522
201011,国务院关于同意成立中联煤层气有限责任公司的批复,国务院,0.5153677463531494,5,36.823772,-4.6087847
201011,国务院关于同意组建中国新星石油有限责任公司的批复,国务院,0.5082150101661682,5,36.717148,-5.798942
201011,国务院关于酸雨控制区和二氧化硫污染控制区有关问题的批复,国务院,0.5403996706008911,5,-29.913519,13.762428
201011,国务院办公厅关于印发国家冶金工业局职能配置内设机构和人员编制规定的通知,国务院,0.521999180316925,5,36.69747,-32.491272
201011,国务院办公厅关于印发国家发展计划委员会职能配置内设机构和人员编制规定的通知,国务院,0.5560960173606873,5,33.36801,-32.607357
201011,国务院关于组建中国石油天然气集团公司有关问题的批复,国务院,0.5081533193588257,5,37.291344,-6.787969
201011,国务院办公厅关于印发国务院发展研究中心职能配置内设机构和人员编制规定的通知,国务院,0.5225380063056946,5,33.056274,-32.873966
201011,国务院关于太湖水污染防治“九五”计划及2010年规划的批复,国务院,0.5138287544250488,2,-29.26563,4.702189
201011,国务院办公厅关于印发国家经济贸易委员会职能配置内设机构和人员编制规定的通知,国务院,0.5229816436767578,5,34.012222,-31.499027
201011,国务院办公厅关于印发国家有色金属工业局职能配置内设机构和人员编制规定的通知,国务院,0.5329131484031677,5,37.31828,-32.526814
201011,国务院办公厅关于印发国家机械工业局职能配置内设机构和人员编制规定的通知,国务院,0.5046546459197998,5,35.612312,-32.01632
201011,国务院办公厅关于印发科学技术部职能配置内设机构和人员编制规定的通知,国务院,0.504332959651947,5,33.773743,-34.249634
201011,国务院办公厅关于印发国家石油和化学工业局职能配置内设机构和人员编制规定的通知,国务院,0.545409083366394,5,37.022636,-30.898027
201011,国务院办公厅关于印发国家建筑材料工业局职能配置内设机构和人员编制规定的通知,国务院,0.5025255680084229,5,35.6907,-33.206806
201011,国务院办公厅关于印发水利部职能配置内设机构和人员编制规定的通知,国务院,0.5150930881500244,5,41.25194,-36.257366
201011,国务院办公厅关于组建中国石油天然气集团公司和中国石油化工集团公司有关石油公司划转问题的通知,国务院,0.5272303819656372,5,37.494225,-7.349212
201011,国务院办公厅关于印发国土资源部职能配置内设机构和人员编制规定的通知,国务院,0.5423551797866821,5,37.51791,-34.570187
201011,国务院办公厅关于印发国家粮食储备局职能配置内设机构和人员编制规定的通知,国务院,0.504551112651825,5,32.762413,-28.973244
201011,国务院办公厅关于晋陕蒙接壤地区资源开发和环境保护综合规划有关问题的复函,国务院,0.5413916110992432,5,-6.69829,-26.647364
201011,国务院办公厅关于印发农业部职能配置、内设机构和人员编制方案的通知,国务院,0.5067146420478821,5,32.828213,-30.289461
201011,国务院批转关于固定资产投资检查工作情况报告的通知,国务院,0.5199904441833496,5,22.606026,-24.231852
201011,国务院关于同意成立国家电网建设总公司的批复,国务院,0.5355491638183594,5,32.93115,-0.23840277
201011,国务院关于同意山西省继续自营出口地方煤炭的批复,国务院,0.5081449747085571,5,39.30565,-1.0419382
201011,国务院办公厅关于印发地质矿产部职能配置、内设机构和人员编制方案的通知,国务院,0.5275110602378845,5,37.54509,-34.20817
201011,国务院关于北京市环境污染防治目标和对策的批复,国务院,0.5225508213043213,5,-28.670717,12.293517
201011,国务院办公厅转发国家经贸委、冶金部关于促进钢铁工业持续发展意见的通知,国务院,0.5279816389083862,5,22.459599,-14.318796
201011,国务院关于同意成立神华集团有限责任公司和神华集团的批复,国务院,0.5064043998718262,5,36.951626,-4.0181384
201011,国务院办公厅关于印发国家开发银行机构编制方案的通知,国务院,0.5175290703773499,5,31.212193,-32.300255
201011,国务院办公厅转发国家计委关于加强国际收支监测、分析及宏观调控工作意见的通知,国务院,0.5015454888343811,5,13.378193,-30.964432
201011,国务院办公厅关于印发国家粮食局职能配置内设机构和人员编制规定的通知,国务院,0.5098785161972046,5,32.805435,-29.027115
201011,国务院办公厅关于中国石油化工集团公司、中国石油天然气集团公司对外合作开采陆上石油资源有关问题的函,国务院,0.5039207935333252,5,35.85671,-5.9774976
201011,国务院办公厅关于执行国办发〔1995〕27号文件有关问题的通知,国务院,0.5281755924224854,5,3.0110316,6.332281
201011,国务院办公厅关于成立煤炭出口部际协调会议的通知,国务院,0.5304028987884521,5,40.653378,-1.7231137
201011,国务院办公厅关于批准辽河流域水污染防治“九五”计划及2010年规划的通知,国务院,0.5026819705963135,5,-29.767412,4.5142684
201011,国务院办公厅关于支持山西能源基地建设有关问题的复函,国务院,0.587006151676178,5,38.510963,-0.9513163
201011,国务院办公厅关于中国环境管理体系认证指导委员会有关问题的复函,国务院,0.5022152066230774,5,-14.97847,-10.824551
201011,国务院办公厅关于印发财政部和国家国有资产管理局职能配置、内设机构和人员编制方案的通知,国务院,0.5022532939910889,5,32.193127,-32.19292
201011,国务院批转国家体改委1995年经济体制改革实施要点的通知,国务院,0.5050725936889648,4,8.2262335,-32.432133
201011,国务院办公厅关于印发国家环境保护局职能配置、内设机构和人员编制方案的通知,国务院,0.5258458852767944,2,34.728626,-44.111687
201011,国务院办公厅关于印发水利部职能配置、内设机构和人员编制方案的通知,国务院,0.5061679482460022,5,41.255543,-36.236576
201011,国务院办公厅关于印发交通部职能配置、内设机构和人员编制方案的通知,国务院,0.5089749693870544,5,34.983295,-30.18197
201011,国务院办公厅关于印发林业部职能配置、内设机构和人员编制方案的通知,国务院,0.5111914277076721,5,40.463852,-33.694164
201011,国务院办公厅关于印发国家经济贸易委员会和国家技术监督局、国家建筑材料工业局、国家烟草专卖局职能配置、内设机构和人员编制方案的通知,国务院,0.5328678488731384,5,34.250137,-31.662636
201011,国务院办公厅关于印发冶金工业部职能配置、内设机构和人员编制方案的通知,国务院,0.5296583771705627,5,36.82768,-32.45056
201011,国务院办公厅关于印发国家经贸委管理的国家局机构改革和国家经贸委机关内设机构调整方案的通知,国务院,0.5511742234230042,5,35.125008,-31.3864
201011,国务院办公厅关于成立国家核事故应急协调委员会的通知,国务院,0.5040169358253479,5,34.014862,-38.212418
201010,国务院办公厅转发发展改革委关于加快推进煤矿企业兼并重组若干意见的通知,国务院,0.5813860893249512,6,44.59797,0.019664438
201010,国务院关于加快培育和发展战略性新兴产业的决定,国务院,0.5318198800086975,4,4.360727,-23.983608
201009,国务院关于中西部地区承接产业转移的指导意见,国务院,0.5238194465637207,4,0.16746327,-23.657562
201009,国务院关于促进企业兼并重组的意见,国务院,0.527458131313324,4,11.934364,-23.146368
201008,国务院办公厅印发贯彻落实国务院关于进一步做好利用外资工作若干意见部门分工方案的通知,国务院,0.523061990737915,4,9.107439,-26.90776
201006,国务院办公厅关于进一步加大节能减排力度加快钢铁工业结构调整的若干意见,国务院,0.6511743664741516,4,20.877241,-13.356888
201005,国务院批转发展改革委关于2010年深化经济体制改革重点工作意见的通知,国务院,0.5620742440223694,4,7.3481708,-31.857552
201005,国务院办公厅转发环境保护部等部门关于推进大气污染联防联控工作改善区域空气质量指导意见的通知,国务院,0.5221010446548462,2,-29.167217,16.613998
201005,国务院办公厅关于进一步支持甘肃经济社会发展的若干意见,国务院,0.5041925311088562,4,-2.0264182,-23.84875
201005,国务院关于进一步加大工作力度确保实现“十一五”节能减排目标的通知,国务院,0.6306544542312622,3,-11.487575,21.453014
201004,国务院关于进一步加强淘汰落后产能工作的通知,国务院,0.5968039631843567,4,20.341013,-14.942087
201004,国务院办公厅转发发展改革委等部门关于加快推行合同能源管理促进节能服务产业发展意见的通知,国务院,0.5832658410072327,3,-10.063118,29.132885
201003,国务院关于落实《政府工作报告》重点工作部门分工的意见,国务院,0.527496874332428,4,6.0157423,-35.278763
201003,国务院关于全国矿产储量委员会机构编制的批复,国务院,0.5230249166488647,5,36.395103,-35.932953
201001,国务院办公厅关于成立国家能源委员会的通知,国务院,0.6385252475738525,5,37.494358,-39.28915
201001,国务院关于开展第一次全国水利普查的通知,国务院,0.517595648765564,5,-26.717207,4.686109
201001,国务院办公厅关于采取综合措施对耐火粘土萤石的开采和生产进行控制的通知,国务院,0.5324897170066833,5,25.934942,-17.343422
200912,国务院关于加快发展旅游业的意见,国务院,0.5075729489326477,5,0.38144258,-26.683077
200910,国务院办公厅关于应对国际金融危机保持西部地区经济平稳较快发展的意见,国务院,0.5419896245002747,4,-1.6267607,-24.891085
200909,国务院批转发展改革委等部门关于抑制部分行业产能过剩和重复建设引导产业健康发展若干意见的通知,国务院,0.6005426049232483,4,22.391542,-18.098621
200909,国务院关于进一步促进中小企业发展的若干意见,国务院,0.5047092437744141,4,-0.30149075,-33.57241
200909,国务院关于进一步实施东北地区等老工业基地振兴战略的若干意见,国务院,0.5333537459373474,4,-0.3406371,-18.429043
200907,国务院办公厅关于印发2009年节能减排工作安排的通知,国务院,0.6502478718757629,3,-11.142849,21.509613
200906,船舶工业调整和振兴规划,国务院,0.5372025370597839,4,14.497148,-20.127222
200905,国务院批转发展改革委关于2009年深化经济体制改革工作意见的通知,国务院,0.5213174819946289,4,7.8810472,-31.40853
200905,轻工业调整和振兴规划,国务院,0.5289046764373779,4,14.849324,-17.61294
200905,石化产业调整和振兴规划,国务院,0.61822509765625,4,12.474997,-14.271441
200905,装备制造业调整和振兴规划,国务院,0.5440956950187683,4,14.736853,-18.726254
200905,有色金属产业调整和振兴规划,国务院,0.5810075998306274,4,16.173897,-16.18253
200904,纺织工业调整和振兴规划,国务院,0.5060187578201294,4,14.81231,-17.786837
200904,电子信息产业调整和振兴规划,国务院,0.5317991375923157,4,14.017336,-18.580763
200903,国务院关于松花江流域水污染防治规划(2006-2010年)的批复,国务院,0.5117610692977905,2,-29.717525,4.5538335
200903,国务院办公厅关于印发第一次全国污染源普查方案的通知,国务院,0.5408232808113098,5,-32.55976,-2.1961606
200903,国务院关于丹江口库区及上游水污染防治和水土保持规划的批复,国务院,0.5475436449050903,5,-28.478395,3.307893
200903,国务院关于落实《政府工作报告》重点工作部门分工的意见,国务院,0.5131493806838989,4,5.851493,-35.361286
200903,汽车产业调整和振兴规划,国务院,0.5525173544883728,0,15.384925,-19.192411
200903,钢铁产业调整和振兴规划,国务院,0.5713573694229126,4,16.272581,-16.691927
200903,国务院关于印发物流业调整和振兴规划的通知,国务院,0.542115330696106,5,-3.9460256,-11.408545
200812,国务院办公厅关于促进房地产市场健康发展的若干意见,国务院,0.5009889006614685,5,8.275278,-44.710083
200812,国务院关于实施成品油价格和税费改革的通知,国务院,0.5166040062904358,5,36.13059,-10.9121275
200809,国务院关于进一步促进宁夏经济社会发展的若干意见,国务院,0.511509358882904,4,-1.9779583,-23.081717
200808,公共机构节能条例,国务院,0.5684797763824463,3,-10.121576,26.64514
200808,民用建筑节能条例,国务院,0.5352495312690735,1,-13.175036,7.264521
200808,国务院办公厅关于深入开展全民节能行动的通知,国务院,0.5945209860801697,3,-11.035794,24.30544
200808,国务院关于进一步加强节油节电工作的通知,国务院,0.620288610458374,5,-10.231482,23.15492
200807,国务院办公厅转发发展改革委关于2008年深化经济体制改革工作意见的通知,国务院,0.533208429813385,4,7.5478063,-31.270683
200807,国务院批转发展改革委电监会关于加强电力系统抗灾能力建设若干意见的通知,国务院,0.555953323841095,5,28.381262,6.707232
202301,重庆市人民政府办公厅关于印发重庆市建设绿色金融改革创新试验区实施细则的通知,重庆,0.6231138110160828,5,-30.682983,-29.492537
202008,重庆市人民政府办公厅关于印发重庆市天然林保护修复制度实施方案的通知,重庆,0.566338062286377,5,-51.48769,-7.44287
202508,省人民政府办公厅关于印发《贵州省低空经济高质量发展三年行动方案（2025—2027年）》的通知（黔府办发〔2025〕13号）,贵州,0.504269003868103,5,-2.094515,3.4413786
202310,省人民政府办公厅关于加快新能源汽车产业高质量发展推进“电动贵州”建设的指导意见（黔府办发〔2023〕18号）,贵州,0.5170192122459412,0,10.149349,17.289907
202206,省人民政府办公厅关于印发贵州省进一步加快重大项目建设扩大有效投资若干措施的通知（黔府办发〔2022〕17号）,贵州,0.5025188326835632,4,4.914342,-13.2701
202205,省人民政府办公厅关于加强“两高”项目管理的指导意见（黔府办发〔2022〕12号）,贵州,0.5164859294891357,3,0.61271983,33.565353
202001,省人民政府办公厅关于加快推进页岩气产业发展的指导意见(2019—2025年)(黔府办发〔2019〕34号),贵州,0.5109834671020508,5,53.773064,7.6066766
202001,省人民政府办公厅关于加快推进煤层气(煤矿瓦斯)产业发展的指导意见(2019—2025年)(黔府办发〔2019〕33号),贵州,0.5163931846618652,6,53.595177,7.1464367
201812,省人民政府办公厅关于印发贵州省推进运输结构调整工作实施方案的通知（黔府办发〔2018〕45号）,贵州,0.5654191374778748,5,-5.6149793,-8.601183
201811,省人民政府办公厅关于印发生态优先绿色发展森林扩面提质增效三年行动计划（2018-2020年）的通知（黔府办发〔2018〕39号）,贵州,0.526182234287262,2,-51.27863,1.7368634
201804,省人民政府办公厅关于转发省经济和信息化委贵州省绿色制造三年行动计划（2018—2020年）的通知（黔府办发〔2018〕14号）,贵州,0.5727863907814026,4,-6.622286,7.323983
200904,省人民政府办公厅关于加快整合技改煤矿建设进度进一步做好安全生产工作的通知黔府办发〔2009〕32号,贵州,0.5236618518829346,6,50.052303,-0.7102414
201801,省人民政府办公厅关于印发贵州省湿地保护修复制度实施方案的通知(黔府办发〔2017〕80号),贵州,0.5726022124290466,2,-64.28501,4.739996
201801,省人民政府办公厅关于印发贵州省促进有色金属工业调结构促转型增效益实施方案的通知（黔府办发〔2017〕79号）,贵州,0.584579586982727,4,16.504843,-10.496364
201712,省人民政府办公厅关于促进建材工业稳增长调结构增效益的实施意见（黔府办发〔2017〕75号）,贵州,0.5228864550590515,4,14.748991,-4.209956
201712,省人民政府办公厅关于印发贵州省生态环境损害赔偿磋商办法（试行）的通知（黔府办发〔2017〕71号）,贵州,0.5100857019424438,5,-58.350464,6.416385
201612,省人民政府办公厅关于加快绿色金融发展的实施意见(黔府办发〔2016〕44号),贵州,0.6748475432395935,4,-23.412724,-39.66154
201706,省人民政府办公厅关于印发贵州省控制污染物排放许可制实施方案的通知(黔府办发〔2017〕19号),贵州,0.5324366092681885,2,-34.28401,14.791249
201702,省人民政府办公厅关于健全生态保护补偿机制的实施意见（黔府办发〔2017〕6号）,贵州,0.5217692255973816,2,-56.96755,5.1241183
201610,省人民政府办公厅关于印发《乌江流域污染联防联控工作方案》的通知（黔府办发〔2016〕36号）,贵州,0.5070521831512451,2,-34.623825,8.568921
201609,省人民政府办公厅关于加快推进新型建筑建材业发展的意见（黔府办发〔2016〕35号）,贵州,0.504578173160553,1,14.120057,-3.0560951
201608,省人民政府办公厅关于印发贵州省实施“千企改造”工程促进工业全面转型升级方案的通知（黔府办发〔2016〕28号）,贵州,0.5004674196243286,4,4.714652,-11.57123
201607,省人民政府办公厅关于印发贵州省全面推进资源税改革实施方案的通知（黔府办发〔2016〕25号）,贵州,0.5077722668647766,5,40.553986,6.483627
201606,省人民政府办公厅关于印发贵州省推动煤炭、电力行业供给侧结构性改革促进产业转型升级的实施意见（黔府办发〔2016〕20号）,贵州,0.5852823257446289,6,46.719845,-0.57968116
201511,省人民政府办公厅印发《关于推进全省林业产业发展的实施方案》的通知（黔府办发〔2015〕43号）,贵州,0.5042257308959961,4,-50.107044,3.6103637
201505,省人民政府办公厅关于印发减轻煤炭企业负担促进煤炭行业平稳发展工作措施的通知（黔府办发〔2015〕22号）,贵州,0.534626305103302,6,41.663986,3.7054508
201505,省人民政府办公厅关于印发《贵州省环境污染治理设施建设三年行动计划（2015—2017年）》的通知（黔府办发〔2015〕16号）,贵州,0.5133764147758484,2,-34.678085,7.800984
201502,省人民政府办公厅关于印发《绿色贵州建设三年行动计划（2015—2017年）》的通知(黔府办发〔2015〕9号),贵州,0.5431092381477356,2,-51.274387,1.6997044
201504,省人民政府办公厅关于全面推进节水型社会建设的意见（黔府办发〔2015〕13号）,贵州,0.5199875831604004,5,-23.166235,4.3019576
201410,省人民政府办公厅关于印发《2014—2015年贵州省节能减排低碳发展行动方案》的通知（黔府办发〔2014〕34号）,贵州,0.6238849759101868,3,-9.39842,19.336107
201401,省人民政府办公厅关于贯彻落实《国务院办公厅关于进一步加强煤矿安全生产工作的意见》的实施意见（黔府办发〔2013〕60号）,贵州,0.5346551537513733,6,50.314392,1.7863826
201311,省人民政府办公厅关于转发省发展改革委省住房城乡建设厅贵州省绿色建筑行动实施方案的通知（黔府办发〔2013〕55号）,贵州,0.6259719729423523,1,-13.36164,4.122798
201311,省人民政府办公厅关于进一步落实粮食行政首长负责制确保省内粮食安全的意见（黔府办发〔2013〕53号）,贵州,0.5066623687744141,5,-17.113317,-21.486317
201310,省人民政府办公厅关于做好环境保护十二件实事的通知（黔府办发〔2013〕50号）,贵州,0.5289371013641357,2,-34.92459,7.972692
201309,省人民政府办公厅关于进一步深入推进全省煤矿企业兼并重组工作的通知（黔府办发〔2013〕46号）,贵州,0.5391812920570374,6,47.003147,-1.2826929
201212,省人民政府办公厅关于印发贵州省“十二五”主要污染物总量减排考核办法的通知（黔府办发〔2012〕66号）,贵州,0.5640953183174133,2,-31.10083,29.260334
201212,省人民政府办公厅关于转发省能源局等部门贵州省煤矿企业兼并重组工作方案(试行)的通知（黔府办发〔２０１２〕６１号）,贵州,0.5267585515975952,6,46.897495,-1.6543708
202505,河南省人民政府办公厅关于印发加力推动基础设施投资回升向好若干措施的通知,河南,0.5153200626373291,5,18.387848,29.478834
202412,河南省人民政府办公厅关于印发河南省加快推进源网荷储一体化实施方案的通知,河南,0.5522329211235046,5,28.81147,30.779787
202409,河南省人民政府办公厅关于印发河南省进一步强化金融支持绿色低碳发展实施方案的通知,河南,0.6383345127105713,4,-24.250732,-37.368214
202407,河南省人民政府办公厅关于印发河南省废弃物循环利用体系建设行动方案的通知,河南,0.5020315647125244,4,-27.015265,-8.614087
202408,河南省人民政府办公厅关于印发促进全省低空经济高质量发展实施方案（2024—2027年）的通知,河南,0.5043720006942749,5,-1.8514655,3.7563314
202401,河南省人民政府办公厅关于印发河南省固体废物综合利用产业绿色低碳高质量发展行动方案的通知,河南,0.569111168384552,4,-27.080256,-8.638645
202307,河南省人民政府办公厅关于印发河南省推动生态环境质量稳定向好三年行动计划（2023—2025年）的通知,河南,0.5071927905082703,2,19.598278,36.415783
202306,河南省人民政府办公厅关于加快新型储能发展的实施意见,河南,0.5785284638404846,5,28.599804,30.91254
202302,河南省人民政府办公厅关于印发河南省制造业绿色低碳高质量发展三年行动计划（2023—2025年）的通知,河南,0.5675320029258728,4,22.445452,33.241802
202210,河南省人民政府办公厅关于优化煤炭资源配置的实施意见,河南,0.5477206707000732,6,45.656097,6.521004
202209,河南省人民政府办公厅关于印发河南省氢能产业发展中长期规划 （2022—2035年）和郑汴洛濮氢走廊规划建设工作方案的通知,河南,0.5220965147018433,4,27.798399,31.764751
202208,河南省人民政府办公厅关于促进煤电行业持续健康发展的通知,河南,0.5565669536590576,5,30.070122,28.875181
202205,河南省人民政府办公厅关于印发河南省用能权有偿使用和交易试点实施方案的通知,河南,0.5434283018112183,5,30.234312,32.22791
202112,河南省人民政府办公厅关于印发河南省钢铁行业“十四五”转型升级实施方案的通知,河南,0.5460418462753296,4,24.113817,25.636871
202111,河南省人民政府办公厅关于印发河南省坚决遏制“两高”项目盲目发展行动方案的通知,河南,0.5360135436058044,5,22.249237,33.383224
201904,​河南省人民政府办公厅关于印发河南省用能权有偿使用和交易管理暂行办法的通知,河南,0.5295972228050232,5,30.399288,32.1814
根据《河南省人,河南省人民政府办公厅关于印发河南省财政支持生态环境保护若干政策的通知,河南,0.5362059473991394,2,20.322279,35.17873
根据《河南省人,​河南省人民政府办公厅关于印发河南省推进运输结构调整工作实施方案的通知,河南,0.5625213980674744,5,-6.288973,-7.846091
201901,​河南省人民政府办公厅关于印发河南省煤电行业淘汰落后产能优化生产结构三年行动计划（2018—2020年）的通知,河南,0.5817554593086243,5,27.239382,27.977806
根据《河南省人,​河南省人民政府办公厅关于印发河南省钢铁行业转型发展行动方案（2018—2020年）等4个方案的通知,河南,0.5199924111366272,4,24.245956,25.702406
根据《河南省人,​河南省人民政府办公厅关于印发河南省推进工业结构调整打赢污染防治攻坚战工作方案的通知,河南,0.5854557156562805,4,20.290247,33.850014
201807,河南省人民政府办公厅关于印发河南省用能权有偿使用和交易试点实施方案的通知,河南,0.532431423664093,5,30.268953,32.246136
根据《河南省人,河南省人民政府办公厅关于印发河南省2018年大气污染防治攻坚战实施方案的通知,河南,0.5107089877128601,2,19.423265,35.50206
201801,河南省人民政府办公厅关于印发河南省湿地保护修复制度实施方案的通知,河南,0.5201830863952637,2,-64.66254,2.5475602
根据《河南省人,河南省人民政府办公厅关于印发河南省推进能源业转型发展方案的通知,河南,0.6177716851234436,4,26.244778,32.078983
201710,河南省人民政府办公厅关于印发河南省绿色环保调度制度(试行)的通知,河南,0.5333645939826965,2,20.720676,36.008408
根据《河南省人,河南省人民政府办公厅关于印发河南省“十三五”煤炭消费总量控制工作方案的通知,河南,0.5987768769264221,4,25.062506,34.035976
根据《河南省人,河南省人民政府办公厅关于印发河南省“十三五”节能减排综合工作方案的通知,河南,0.5912483334541321,3,23.716383,36.453655
201704,河南省人民政府办公厅关于印发河南省“十三五”控制温室气体排放工作实施方案的通知,河南,0.5669939517974854,4,22.79928,35.942253
根据《河南省人,河南省人民政府办公厅关于石化产业调结构促转型增效益的实施意见,河南,0.5724346041679382,4,22.381075,25.295414
根据《河南省人,河南省人民政府办公厅关于印发河南省有色金属工业调结构促转型增效益实施方案的通知,河南,0.5404749512672424,4,23.007862,25.328262
201701,河南省人民政府办公厅关于印发河南省“十三五”能源发展规划的通知,河南,0.588603138923645,4,27.34326,32.962074
201612,河南省人民政府办公厅关于“十二五”各省辖市和省直管县(市)节能目标考核工作情况的通报,河南,0.5441856980323792,3,26.05992,38.354843
根据《河南省人,河南省人民政府办公厅关于印发河南省推广使用国家第五阶段标准车用乙醇汽油车用柴油质量升级工作方案的通知,河南,0.5076779127120972,5,15.459908,36.260975
201608,河南省人民政府办公厅关于印发河南省化解过剩产能煤矿关闭退出实施方案的通知,河南,0.5089100003242493,6,47.43016,7.7266183
201608,河南省人民政府办公厅关于印发河南省支持煤炭行业化解过剩产能国土资源政策实施方案的通知,河南,0.548851490020752,5,46.152206,8.279009
201608,河南省人民政府办公厅关于印发河南省推进供给侧结构性改革去产能专项行动方案(2016—2018年)的通知,河南,0.5163251757621765,4,25.232286,27.216417
201608,河南省人民政府办公厅关于印发河南省推进供给侧结构性改革促进产业转型升级专项行动方案(2016—2018年)的通知,河南,0.5093809962272644,4,22.787804,28.667309
201606,河南省人民政府办公厅关于公布2015年度实行最严格水资源管理制度考核结果的通知,河南,0.5108376741409302,5,-25.746836,1.3065654
201606,河南省人民政府办公厅关于印发河南省推进供给侧结构性改革降成本专项行动方案的通知,河南,0.5009921789169312,4,24.04401,28.90658
根据《河南省人,河南省人民政府办公厅关于印发2016年河南省秸秆禁烧和综合利用工作实施方案的通知,河南,0.5011717677116394,5,17.702862,35.896187
201605,河南省人民政府办公厅关于转发河南省工业稳增长调结构增效益活动工作方案的通知,河南,0.5467349886894226,4,21.778643,27.461046
201604,河南省人民政府办公厅关于印发河南省2016年节能减排降碳工作安排的通知,河南,0.6112233400344849,3,23.508524,37.65924
201604,河南省人民政府办公厅关于支持资源枯竭城市转型独立工矿区改造搬迁和采煤沉陷区综合治理试点的若干意见,河南,0.5092750787734985,4,45.844307,9.195663
201604,河南省人民政府办公厅关于印发河南省2016年度主要污染物总量减排实施计划的通知,河南,0.5280529856681824,2,20.564598,37.67191
201602,河南省人民政府办公厅关于明确省政府第五次全体(扩大)会议提出的重点工作责任单位的通知,河南,0.5192210078239441,4,19.244654,27.512333
201602,河南省人民政府办公厅关于明确政府工作报告提出的2016年重点工作责任单位的通知,河南,0.5015381574630737,4,20.725845,28.819973
201511,河南省人民政府办公厅关于2014年度各省辖市和省直管县(市)节能目标考核工作情况的通报,河南,0.5471936464309692,3,26.46806,38.437695
根据《河南省人,河南省人民政府办公厅关于转发2015年全省技术改造工作方案的通知,河南,0.5103890299797058,4,23.27172,27.888515
根据《河南省人,河南省人民政府办公厅关于转发全省工业稳增长调结构防风险促发展活动工作方案的通知,河南,0.5486589074134827,4,21.024302,27.48872
根据《河南省人,河南省人民政府办公厅关于印发河南省2015年度主要污染物总量减排实施计划的通知,河南,0.5166844129562378,2,21.015938,39.41511
根据《河南省人,河南省人民政府办公厅关于印发2015年河南省节能减排低碳发展工作安排的通知,河南,0.6106147170066833,3,23.708834,37.397076
根据《河南省人,河南省人民政府办公厅关于明确全省经济运行暨大气污染防治工作电视电话会议提出的重点工作责任单位的通知,河南,0.5311785936355591,4,18.733355,28.408058
201503,河南省人民政府办公厅关于明确全省工业大会提出的2015年重点工作责任单位的通知,河南,0.5014870762825012,4,20.170816,28.209133
201501,河南省人民政府办公厅关于印发河南省能源规划建设局主要职责内设机构和人员编制规定的通知,河南,0.587523877620697,5,29.000772,34.46036
201412,河南省人民政府办公厅关于进一步做好涉及煤炭原油天然气收费基金清理工作的通知,河南,0.5326293110847473,5,40.79298,11.054316
根据《河南省人,河南省人民政府办公厅关于贯彻落实国办发〔2013〕104号文件精神促进煤炭行业平稳运行的实施意见,河南,0.5446953773498535,6,46.898808,7.119815
根据《河南省人,河南省人民政府办公厅关于转发河南省水泥工业结构调整方案(2014—2017年)的通知,河南,0.5199299454689026,4,25.528675,24.833021
根据《河南省人,河南省人民政府办公厅关于印发河南省2014—2015年节能减排低碳发展行动方案的通知,河南,0.6103964447975159,3,24.066992,36.824673
根据《河南省人,河南省人民政府办公厅关于印发河南省油气回收综合治理工作方案的通知,河南,0.5213125348091125,5,15.654005,36.25302
根据《河南省人,河南省人民政府办公厅关于印发2014年河南省节能减排工作安排的通知,河南,0.6267440915107727,3,24.18042,37.713387
201406,河南省人民政府办公厅关于明确豫政〔2013〕69号文件确定的重点工作责任单位的通知,河南,0.5179949402809143,2,-25.825874,1.3093679
根据《河南省人,河南省人民政府办公厅关于印发河南省2014年度主要污染物总量减排实施方案的通知,河南,0.5299025177955627,2,21.328539,37.72508
根据《河南省人,河南省人民政府办公厅关于印发河南省蓝天工程行动计划重点工作部门分工方案的通知,河南,0.527164876461029,2,18.829151,35.280827
根据《河南省人,河南省人民政府办公厅关于印发化解产能严重过剩矛盾实施方案的通知,河南,0.5646281838417053,4,25.321318,26.703623
根据《河南省人,河南省人民政府办公厅关于贯彻国办发〔2013〕99号文件精神进一步加强煤矿安全生产工作的实施意见,河南,0.5032915472984314,6,47.897858,6.473978
根据《河南省人,河南省人民政府办公厅关于印发河南省“十二五”应对气候变化规划的通知,河南,0.5153806805610657,4,23.354448,34.93496
根据《河南省人,河南省人民政府办公厅关于转发河南省丹江口库区及上游水污染防治和水土保持“十二五”规划实施考核办法的通知,河南,0.5152175426483154,2,-26.909973,1.2958876
201310,河南省人民政府办公厅关于明确全省经济运行电视电话会议工作任务责任单位的通知,河南,0.5329864025115967,4,19.805939,27.424097
201308,河南省人民政府办公厅关于转发河南省辖丹江口库区及上游水污染防治和水土保持“十二五”规划实施方案的通知,河南,0.5100525617599487,2,-27.033781,1.362104
201310,河南省人民政府办公厅关于印发河南省工业稳增长调结构百日攻坚行动方案的通知,河南,0.5443275570869446,4,21.572922,27.64845
201308,河南省人民政府办公厅关于明确全省经济运行电视电话会议工作任务责任单位的通知,河南,0.5073168277740479,4,19.512653,28.052443
201307,河南省人民政府办公厅关于印发河南省2013年度主要污染物总量减排计划实施方案的通知,河南,0.5307186245918274,2,21.31657,38.242813
根据《河南省人,河南省人民政府办公厅关于转发河南省金融生态环境建设评价办法的通知,河南,0.502745509147644,5,-24.422625,-35.769753
201305,河南省人民政府办公厅关于表彰2012年河南省公共机构节能工作先进单位和先进个人的通报,河南,0.5196335911750793,5,26.408356,39.423473
201307,河南省人民政府办公厅关于转发河南省绿色建筑行动实施方案的通知,河南,0.6032059788703918,1,-9.986373,2.386415
201305,河南省人民政府办公厅关于印发2013年节能减排工作安排的通知,河南,0.6325215697288513,3,23.714275,38.207214
201302,河南省人民政府办公厅关于印发河南省金属非金属矿山整顿关闭工作方案(2012—2015年)的通知,河南,0.504877507686615,6,48.44771,7.484325
201211,河南省人民政府办公厅关于印发河南省“十二五”控制温室气体排放工作实施方案重点工作部门分工的通知,河南,0.5379012227058411,4,22.170107,36.403133
201211,河南省人民政府办公厅关于印发河南省强化能源保障专项工作方案的通知,河南,0.615541934967041,6,26.780373,32.426765
201209,河南省人民政府办公厅关于印发河南省2012年度主要污染物总量减排计划实施方案的通知,河南,0.5278995037078857,2,21.438309,38.635525
201208,河南省人民政府办公厅关于印发2012年河南省节能减排工作安排的通知,河南,0.6226577162742615,3,24.335716,38.285645
201207,河南省人民政府办公厅关于明确全省经济运行电视电话会议工作任务责任单位的通知,河南,0.5553739666938782,4,19.320116,28.438684
201204,河南省人民政府办公厅关于印发河南省“十二五”节能减排综合性工作方案部门分工的通知,河南,0.5814380645751953,3,24.470697,36.0954
201205,河南省人民政府办公厅关于转发2012年河南省企业技术改造提升工程实施方案的通知,河南,0.5024914741516113,5,23.282162,27.853195
201203,河南省人民政府办公厅关于印发河南省“十二五”能源发展规划的通知,河南,0.6028522253036499,4,27.25829,32.925858
201202,河南省人民政府办公厅关于转发河南省2012年重点工业产业年度行动计划的通知,河南,0.5268099904060364,4,21.947323,29.606462
201202,河南省人民政府办公厅关于印发2012年河南省推进重点工程建设促进经济结构调整行动方案的通知,河南,0.5590585470199585,4,21.444109,28.658047
根据《河南省人,河南省人民政府办公厅关于印发河南省主要污染物排放总量预算管理办法(试行)的通知,河南,0.5153570175170898,2,20.179314,39.372547
201110,河南省人民政府办公厅关于转发河南省环境容量状况研究报告的通知,河南,0.5178084969520569,2,19.342558,37.523026
201106,河南省人民政府办公厅关于转发2011年河南省电力迎峰度夏方案的通知,河南,0.5522494912147522,5,31.052647,13.40984
201103,河南省人民政府办公厅关于转发加快自主创新促进产业产品结构调整工作方案的通知,河南,0.5401778221130371,4,22.190702,28.698639
根据《河南省人,河南省人民政府办公厅转发省发展改革委等部门关于加快推行合同能源管理促进节能服务产业发展实施意见的通知,河南,0.542800784111023,3,-9.749593,29.675882
201103,河南省人民政府办公厅关于做好2010年全省污染源普查动态更新调查工作的通知,河南,0.5427151918411255,2,19.544006,38.28756
201102,河南省人民政府办公厅关于转发河南省金融生态环境建设评价办法(试行)的通知（废止）,河南,0.5013486742973328,5,-24.434803,-35.75423
根据《河南省人,河南省人民政府办公厅关于转发省环保厅2010年河南省主要污染物总量减排监测体系建设和运行工作计划的通知,河南,0.5397292375564575,2,19.839186,38.938507
根据《河南省人,河南省人民政府办公厅关于2009年度各省辖市节能目标责任考评结果的通报,河南,0.5385313630104065,3,26.430857,38.62339
根据《河南省人,河南省人民政府办公厅关于转发省发展改革委等部门河南省2010年节能目标预警调控方案的通知,河南,0.5805126428604126,3,25.602179,37.657303
根据《河南省人,河南省人民政府办公厅转发省发展改革委等部门关于进一步做好平顶山市煤炭洗选行业专项整治工作意见的通知,河南,0.5245919227600098,5,47.319786,9.108872
201006,河南省人民政府办公厅关于转发省发展改革委等部门支持煤炭企业兼并重组政策的通知,河南,0.5017659068107605,6,45.513157,8.093069
201005,河南省人民政府办公厅关于印发河南省2010年度主要污染物总量减排计划实施方案的通知,河南,0.548434317111969,2,21.868862,38.224445
根据《河南省人,河南省人民政府办公厅关于进一步推进矿产资源开发整合工作的意见,河南,0.5479594469070435,6,49.316826,-8.056981
200907,河南省人民政府办公厅关于印发河南省能源规划建设局主要职责内设机构和人员编制规定的通知,河南,0.5905340909957886,5,28.944155,34.403957
200906,河南省人民政府办公厅关于印发河南省2009年度主要污染物总量减排计划实施方案的通知,河南,0.5241222381591797,2,20.757439,38.41415
200905,河南省人民政府办公厅关于转发省住房城乡建设厅等部门全省污水垃圾处理设施运营管理年活动方案的通知,河南,0.50300532579422,2,-28.958267,-5.90413
根据《河南省人,河南省人民政府办公厅关于加强全省煤矿复工复产工作的通知,河南,0.5162046551704407,6,47.82011,7.0008116
200810,河南省人民政府办公厅关于转发省环保局河南省2008年度主要污染物总量减排计划的通知,河南,0.5419778227806091,2,21.5826,39.382126
根据《河南省人,河南省人民政府办公厅关于加强环境自动监控系统建设管理工作的意见,河南,0.5176960825920105,2,18.618176,39.38818
200806,河南省人民政府办公厅关于新建电站项目脱硫设施建设和运行情况的通报,河南,0.543901801109314,5,17.04496,33.633675
200806,河南省人民政府办公厅关于淘汰落后产能检查情况的通报,河南,0.5198585391044617,5,27.298468,26.90988
200802,河南省人民政府办公厅关于印发河南省节能减排工作目标分解表的通知,河南,0.571560263633728,3,24.626148,39.471615
200712,河南省人民政府办公厅关于保障成品油供应稳定市场物价的通知（废止）,河南,0.5101656913757324,5,40.664326,11.247352
200709,河南省人民政府办公厅关于明确省政府第十七次全体会议强调的2007年下半年重点工作责任单位的通知,河南,0.5788300633430481,4,19.216814,29.272772
根据《河南省人,河南省人民政府办公厅关于加强我省金融生态环境建设的意见,河南,0.5297939777374268,4,-24.14659,-35.948162
根据《河南省人,河南省人民政府办公厅转发省发展改革委关于加快水泥工业结构调整指导意见的通知,河南,0.5242365598678589,4,25.523624,24.75001
根据《河南省人,河南省人民政府办公厅关于印发河南省农村小康环保行动计划的通知,河南,0.5153598785400391,2,18.099577,38.1323
根据《河南省人,河南省人民政府办公厅转发省发展改革委关于完善差别电价政策实施意见的通知,河南,0.5892468690872192,5,30.220757,19.449978
200703,河南省人民政府办公厅转发省发展改革委十一五期间各省辖市单位生产总值能源消耗降低指标计划的通知,河南,0.5930352210998535,5,25.407167,37.354427
根据《河南省人,河南省人民政府办公厅关于加快我省燃煤火电厂烟气脱硫工作的通知,河南,0.5262767672538757,2,17.058842,33.82895
根据《河南省人,河南省人民政府办公厅关于贯彻国办发〔2006〕37号文件做好调整住房供应结构稳定住房价格工作的意见,河南,0.5068012475967407,5,8.817671,-47.844807
根据《河南省人,河南省人民政府办公厅关于贯彻国办发〔2006〕37号文件做好调整住房供应结构稳定住房价格工作的通知,河南,0.5308761596679688,5,8.784064,-47.882145
根据《河南省人,河南省人民政府办公厅转发省国土资源厅发展改革委关于优化配置铝土矿资源若干意见的通知,河南,0.5105075836181641,5,49.07153,-8.068781
200607,河南省人民政府办公厅关于全省重点流域区域环境综合整治工作督查情况的通报,河南,0.5085413455963135,2,18.019411,37.044106
根据《河南省人,河南省人民政府办公厅关于进一步加快全省电网建设的意见,河南,0.5519516468048096,5,25.370436,11.967908
根据《河南省人,河南省人民政府办公厅关于进一步推进墙体材料革新和推广节能建筑的通知,河南,0.5176771879196167,1,-10.215938,2.0618842
根据《河南省人,河南省人民政府办公厅关于进一步加强我省小火电机组关停工作的通知,河南,0.5571186542510986,5,28.325983,26.411983
202506,青海省人民政府办公厅关于印发财政金融联动促进经济高质量发展若干措施的通知,青海,0.5072775483131409,4,-13.537715,-37.310406
202303,青海省人民政府办公厅关于印发“青信融”平台提质增效专项行动方案的通知,青海,0.5169437527656555,4,-13.5683775,-37.30871
202210,青海省人民政府办公厅关于鼓励和支持社会资本参与生态保护修复的实施意见,青海,0.5694780945777893,2,-59.549133,2.2211626
202201,青海省人民政府办公厅关于科学绿化的实施意见,青海,0.5051041841506958,2,-55.97916,-0.593082
202112,青海省人民政府办公厅关于印发青海省“十四五”循环经济发展行动方案的通知,青海,0.5478231310844421,4,-21.57313,-3.7832434
202108,青海省人民政府办公厅关于印发加强青海省草原保护修复若干措施的通知,青海,0.5152326822280884,2,-61.031384,0.016758675
201901,青海省人民政府办公厅印发青海省关于促进天然气协调稳定发展实施方案的通知,青海,0.5690294504165649,5,29.320356,-5.0140524
201802,青海省人民政府办公厅关于促进建筑业持续健康发展的实施意见,青海,0.5012182593345642,1,-12.288528,-2.9981866
201709,【废止（失效）】青海省人民政府办公厅转发省经济和信息化委关于进一步加强企业技术改造指导意见的通知,青海,0.504115641117096,4,2.9973803,-13.041793
201709,【废止（失效）】青海省人民政府办公厅关于印发青海省固定资产投资项目节能审查实施办法的通知,青海,0.5451684594154358,3,-5.1849084,34.709206
201709,青海省人民政府办公厅转发省发展改革委等部门关于青海省耕地草原河湖休养生息实施方案的通知,青海,0.5181441903114319,2,-60.770123,-0.8260222
201709,【废止（失效）】青海省人民政府办公厅关于青海省创新管理优化服务培育壮大经济发展新动能加快新旧动能接续转换的实施意见,青海,0.5017968416213989,4,2.7020218,-13.289325
201402,青海省人民政府办公厅关于印发《青海省主要污染物排污权有偿使用和交易管理办法(试行)》的通知,青海,0.5226613879203796,5,-38.861042,16.317007
201401,青海省人民政府办公厅印发青海省贯彻落实国务院办公厅关于进一步加强煤矿安全生产工作的意见实 施 办 法 的 通 知,青海,0.5097355842590332,6,51.685463,2.223109
201203,青海省人民政府办公厅转发省住房和城乡建设厅关于保障性安居工程建设项目推广应用新型节能抗震建筑结构体系和可再生能源建筑利用技术实施意见的通知,青海,0.5084009766578674,1,-14.376915,1.8256074
200511,【废止（失效）】青海省人民政府办公厅转发省建设厅等部门关于改善住房供应结构促进房地产业健康发展意见的通知,青海,0.504845380783081,5,9.455537,-45.038475
202408,山西省人民政府办公厅关于印发山西省加快推动建筑领域节能降碳工作实施方案的通知,山西,0.5379037261009216,1,-14.593287,6.325006
202406,山西省人民政府办公厅关于调整《山西省煤炭洗选行业建设项目管理暂行办法》部分事项的通知,山西,0.526410698890686,5,9.966104,30.154827
202208,山西省人民政府办公厅关于全面推动地热能产业高质量发展的指导意见,山西,0.5306512117385864,5,9.249303,26.832655
202206,山西省人民政府办公厅关于推动焦化行业高质量发展的意见,山西,0.5410255193710327,5,9.22422,28.194365
202205,山西省人民政府办公厅关于印发山西省煤电项目“上大压小”实施方案的通知,山西,0.5668452382087708,5,10.367046,28.77129
201908,山西省人民政府办公厅关于印发山西省焦化行业压减过剩产能打好污染防治攻坚战行动方案的通知,山西,0.5325979590415955,5,8.9554615,28.475023
201908,山西省人民政府办公厅关于推进全省煤炭洗选行业产业升级实现规范发展的意见,山西,0.5286574363708496,5,9.666095,28.94277
201903,山西省人民政府办公厅关于促进天然气(煤层气)协调稳定发展的实施意见,山西,0.5466217398643494,5,29.18549,-4.9130106
201711,山西省人民政府办公厅关于加强环境保护促进开发区绿色发展的实施意见,山西,0.551845133304596,2,-41.097557,5.1134
201709,山西省人民政府办公厅关于转发山西能监办山西省电力辅助服务市场化建设试点方案的通知,山西,0.5169931650161743,5,28.672832,15.937436
201704,山西省人民政府办公厅关于进一步控制燃煤污染改善空气质量的通知,山西,0.5377869009971619,2,7.476694,29.186552
201511,山西省人民政府办公厅关于加快推进电动汽车产业发展和推广应用的实施意见,山西,0.507220447063446,0,12.90008,16.50224
201511,山西省人民政府办公厅关于加强节能标准化工作的实施意见,山西,0.5413931012153625,3,-7.4552546,32.062435
201510,山西省人民政府办公厅关于印发山西省进一步推进排污权有偿使用和交易试点工作方案的通知,山西,0.5307851433753967,5,-37.604614,15.359941
201505,山西省人民政府办公厅关于低热值煤发电项目环评审批的实施意见,山西,0.5278351306915283,2,9.780492,30.30389
201410,山西省人民政府办公厅关于印发山西省加快推进新能源汽车产业发展和推广应用若干政策措施的通知,山西,0.5128637552261353,0,12.894425,16.543638
200710,山西省人民政府办公厅关于加快煤矿瓦斯综合治理和利用的实施意见,山西,0.5073004364967346,6,52.17043,5.71949
202407,福建省人民政府办公厅关于进一步加强矿产资源管理 促进矿业高质量发展的通知_ 省政府办公厅文件_ 福建省人民政府门户网站,福建,0.5045578479766846,5,51.529263,-11.536487
202305,福建省人民政府办公厅关于加快推进建筑垃圾资源化利用的指导意见_ 省政府办公厅文件_ 福建省人民政府门户网站,福建,0.5081473588943481,1,-25.349579,-5.2224054
202208,福建省人民政府办公厅关于印发福建省推进绿色经济发展行动计划（2022—2025年）的通知_ 省政府办公厅文件_ 福建省人民政府门户网站,福建,0.6061542630195618,4,-9.922747,10.338578
202205,福建省人民政府办公厅关于印发福建省“十四五”能源发展专项规划的通知_ 省政府办公厅文件_ 福建省人民政府门户网站,福建,0.548711895942688,5,-0.80313706,12.108106
202108,福建省人民政府办公厅关于印发福建省水电站清理整治行动方案的通知_ 省政府办公厅文件_ 福建省人民政府门户网站,福建,0.531721293926239,5,-31.420252,9.394435
202104,福建省人民政府办公厅关于成立九龙江流域山水林田湖草沙一体化保护与修复工作领导小组的通知_ 省政府办公厅文件_ 福建省人民政府门户网站,福建,0.5213401317596436,5,-66.636314,4.088784
202010,福建省人民政府办公厅关于印发三明市、南平市省级绿色金融改革试验区工作方案的通知_ 省政府办公厅文件_ 福建省人民政府门户网站,福建,0.5817354917526245,4,-21.972769,-40.81247
201808,福建省人民政府办公厅关于放开城市新建住宅供电工程建设收费标准的通知_ 省政府办公厅文件_ 福建省人民政府门户网站,福建,0.5018376111984253,5,28.423323,17.390057
201803,福建省人民政府办公厅关于印发福建省综合性生态保护补偿试行方案的通知_ 省政府办公厅文件_ 福建省人民政府门户网站,福建,0.5040111541748047,2,-55.341885,3.993373
201712,福建省人民政府办公厅转发省发改委省住建厅关于福建省生活垃圾分类制度实施方案的通知_ 省政府办公厅文件_ 福建省人民政府门户网站,福建,0.5165367126464844,5,-26.639688,-4.732943
201712,福建省人民政府办公厅关于印发福建省湿地保护修复制度实施方案的通知_ 省政府办公厅文件_ 福建省人民政府门户网站,福建,0.5580272674560547,2,-65.04721,4.26192
201711,福建省人民政府办公厅关于建立福建省湿地保护工作联席会议制度的会议制度_ 省政府办公厅文件_ 福建省人民政府门户网站,福建,0.5026508569717407,5,-65.99948,4.2035894
201711,福建省人民政府办公厅转发省金融办等部门关于进一步深化林业金融服务指导意见的通知_ 省政府办公厅文件_ 福建省人民政府门户网站,福建,0.586226224899292,5,-19.717836,-40.815712
201709,福建省人民政府办公厅关于加快全省新能源汽车推广应用促进产业发展的实施意见_ 省政府办公厅文件_ 福建省人民政府门户网站,福建,0.5229838490486145,0,8.6973505,16.401127
201709,福建省人民政府办公厅关于印发九龙江—厦门湾污染物排海总量控制试点工作方案的通知_ 省政府办公厅文件_ 福建省人民政府门户网站,福建,0.5199447870254517,2,-32.018913,9.927969
201706,福建省人民政府办公厅关于创新管理优化服务培育壮大经济发展新动能加快新旧动能接续转换的实施意见_ 省政府办公厅文件_ 福建省人民政府门户网站,福建,0.5008267164230347,4,1.8445247,-14.741833
201706,福建省人民政府办公厅转发省农信联社关于福建农信普惠金融发展行动计划（2017-2020年）的通知_ 省政府办公厅文件_ 福建省人民政府门户网站,福建,0.5234048962593079,4,-16.407686,-39.273026
201705,福建省人民政府办公厅关于印发福建省林业碳汇交易试点方案的通知_ 省政府办公厅文件_ 福建省人民政府门户网站,福建,0.6053810715675354,5,-45.55432,-0.29354426
201704,福建省人民政府办公厅关于强化福建省农村金融服务十条措施的通知_ 省政府办公厅文件_ 福建省人民政府门户网站,福建,0.5270740985870361,4,-17.103622,-40.50189
201703,福建省人民政府办公厅关于印发福建省“十三五”水资源消耗总量和强度双控行动实施方案的通知_ 省政府办公厅文件_ 福建省人民政府门户网站,福建,0.5204756855964661,5,-23.69857,5.2664676
,福建省人民政府办公厅关于印发2017年投资工程包实施方案的通知_ 省政府办公厅文件_ 福建省人民政府门户网站,福建,0.508783221244812,5,8.2174,15.95824
201612,福建省人民政府办公厅关于建立健全产业分析推进工作机制的意见_ 省政府办公厅文件_ 福建省人民政府门户网站,福建,0.5011700987815857,4,3.5370953,-10.272803
201612,福建省人民政府办公厅转发国家发展改革委国家能源局关于同意福建省开展售电侧改革试点复函的通知_ 省政府办公厅文件_ 福建省人民政府门户网站,福建,0.5609390139579773,5,28.318958,16.702625
201611,福建人民政府办公厅关于福建省培育发展环境治理和生态保护市场主体的实施意见_ 省政府办公厅文件_ 福建省人民政府门户网站,福建,0.5376263856887817,2,-44.895466,1.4831336
201610,福建省人民政府办公厅关于印发福建省“十三五”能源发展专项规划的通知_ 省政府办公厅文件_ 福建省人民政府门户网站,福建,0.6309571862220764,4,0.11437556,12.209131
201608,福建省人民政府办公厅关于认真贯彻落实我省供给侧结构性改革有关工作部署的通知_ 省政府办公厅文件_ 福建省人民政府门户网站,福建,0.5526728630065918,4,2.5442166,-15.661354
201607,福建省人民政府办公厅关于印发煤炭行业化解过剩产能实施方案的通知_ 省政府办公厅文件_ 福建省人民政府门户网站,福建,0.5833452939987183,6,46.892704,0.93227863
201607,福建省人民政府办公厅关于印发钢铁行业化解过剩产能实施方案的通知_ 省政府办公厅文件_ 福建省人民政府门户网站,福建,0.5358807444572449,4,21.424946,-7.3404717
201607,福建省人民政府办公厅关于印发福建省灾毁耕地复垦实施方案的通知_ 省政府办公厅文件_ 福建省人民政府门户网站,福建,0.5076042413711548,5,-57.054676,13.715319
201607,福建省人民政府办公厅关于印发电网灾后恢复重建实施方案的通知_ 省政府办公厅文件_ 福建省人民政府门户网站,福建,0.504249095916748,5,26.91965,7.3632855
201605,福建省人民政府办公厅关于印发福建省新一轮农网改造升级工程2016-2018年实施方案的通知_ 省政府办公厅文件_ 福建省人民政府门户网站,福建,0.5190874338150024,5,24.014612,14.494382
201605,福建省人民政府办公厅关于推进公共建筑和城市公共照明节能改造七条措施的通知_ 省政府办公厅文件_ 福建省人民政府门户网站,福建,0.5337021350860596,3,-12.684341,8.156262
201604,福建省人民政府办公厅关于印发福建省“十三五”金融业发展专项规划的通知_ 省政府办公厅文件_ 福建省人民政府门户网站,福建,0.5155032277107239,4,-15.931642,-38.204865
201604,福建省人民政府办公厅关于印发福建省“十三五”林业发展专项规划的通知_ 省政府办公厅文件_ 福建省人民政府门户网站,福建,0.5147339701652527,2,-47.47933,1.8655024
201604,福建省人民政府办公厅关于印发福建省“十三五”生态省建设专项规划的通知_ 省政府办公厅文件_ 福建省人民政府门户网站,福建,0.5231432914733887,2,-46.77396,1.3485156
201604,福建省人民政府办公厅关于印发福建省“十三五”工业转型升级专项规划的通知_ 省政府办公厅文件_ 福建省人民政府门户网站,福建,0.5206727385520935,4,5.064638,-9.439966
,福建省人民政府办公厅关于切实抓好2016年植树造林和森林经营工作的通知_ 省政府办公厅文件_ 福建省人民政府门户网站,福建,0.514876127243042,5,-50.279587,0.4826334
,福建省人民政府办公厅关于“中国福建”政府门户网站2016年上半年“在线访谈”栏目活动安排的通知_ 省政府办公厅文件_ 福建省人民政府门户网站,福建,0.5170947909355164,5,-2.8550441,-16.234024
,福建省人民政府办公厅关于2014年度主要污染物减排工作的意见_ 省政府办公厅文件_ 福建省人民政府门户网站,福建,0.5671613216400146,2,-29.56685,26.142519
,福建省人民政府办公厅关于促进煤炭行业平稳运行的实施意见_ 省政府办公厅文件_ 福建省人民政府门户网站,福建,0.5876525640487671,6,48.07016,0.62875515
,福建省人民政府办公厅贯彻落实国务院办公厅关于进一步加强煤矿安全生产工作的实施意见_ 省政府办公厅文件_ 福建省人民政府门户网站,福建,0.531691312789917,6,49.13667,-0.23156497
,福建省人民政府办公厅关于转发福建省绿色建筑行动实施方案的通知_ 省政府办公厅文件_ 福建省人民政府门户网站,福建,0.5959002375602722,5,-13.25624,5.6655893
201107,福建省人民政府办公厅转发国家减灾委员会关于加强城乡社区综合减灾工作指导意见的通知_ 省政府办公厅文件_ 福建省人民政府门户网站,福建,0.507717490196228,5,-56.57518,14.549568
201106,福建省人民政府办公厅关于进一步促进小额贷款公司发展的意见_ 省政府办公厅文件_ 福建省人民政府门户网站,福建,0.5188997983932495,5,-16.1707,-39.841908
201106,福建省人民政府办公厅关于加强水电站运行管理的通知_ 省政府办公厅文件_ 福建省人民政府门户网站,福建,0.5524176359176636,5,22.381002,8.318748
201105,福建省人民政府办公厅关于进一步做好重点项目建设融资工作的指导意见_ 省政府办公厅文件_ 福建省人民政府门户网站,福建,0.5099717974662781,4,-15.733184,-37.839756
201101,福建省人民政府办公厅转发省交通运输厅等部门关于扩大福建省大宗散装货物进出口意见的通知_ 省政府办公厅文件_ 福建省人民政府门户网站,福建,0.5010215044021606,5,7.53048,-21.654446
201101,福建省人民政府办公厅关于开展国土资源工作政府目标责任考核的通知_ 省政府办公厅文件_ 福建省人民政府门户网站,福建,0.5119232535362244,5,47.794456,-13.2134695
201011,福建省人民政府办公厅转发省住房和城乡建设厅 省农办关于加快城乡绿化建设实施方案的通知_ 省政府办公厅文件_ 福建省人民政府门户网站,福建,0.5163025259971619,5,-49.006283,-0.742309
,福建省人民政府办公厅转发省交通运输厅关于优先发展城市公共交通实施意见的通知_ 省政府办公厅文件_ 福建省人民政府门户网站,福建,0.5166306495666504,5,7.772484,16.76488
202507,江西省人民政府办公厅关于印发《江西省绿色矿山管理办法》的通知,江西,0.5156100392341614,5,51.187214,-13.16587
202303,江西省人民政府办公厅关于印发全省深入整治规范矿产资源保护开发利用专项行动实施方案的通知,江西,0.5124301910400391,2,51.586594,-11.691372
202208,江西省人民政府办公厅关于鼓励和支持社会资本参与生态保护修复的实施意见,江西,0.5994800329208374,2,-59.10272,2.49662
202208,江西省人民政府办公厅关于进一步加强生物多样性保护的实施意见,江西,0.5044264197349548,2,-61.697926,7.371712
202208,江西省人民政府办公厅关于印发贯彻落实推进多式联运发展优化调整运输结构工作实施方案（2021-2025年）的通知,江西,0.5463192462921143,5,-6.635507,-9.486665
202207,江西省人民政府办公厅关于深化生态保护补偿制度改革的实施意见,江西,0.5015825033187866,2,-56.153687,4.491689
202204,江西省人民政府办公厅关于支持江西省电力高质量发展的若干意见,江西,0.5871335864067078,5,20.950602,16.199604
202111,江西省人民政府办公厅关于严格高耗能高排放项目准入管理的实施意见,江西,0.586182177066803,5,0.20283252,33.450542
202109,江西省人民政府办公厅关于科学绿化的实施意见,江西,0.511501133441925,2,-55.341557,-0.22038494
201804,江西省人民政府办公厅关于印发江西省推进环境污染第三方治理工作实施细则的通知,江西,0.508802056312561,2,-37.397522,12.1690855
201711,江西省人民政府办公厅关于促进建筑业持续健康发展的实施意见,江西,0.5081184506416321,1,-12.810381,-2.3434901
201506,江西省人民政府办公厅关于大力推进两化深度融合加快制造业转型升级的意见,江西,0.5283269286155701,4,2.4612634,-9.087023
201204,关于印发江西省推进煤矿企业兼并重组工作方案的通知,江西,0.5129860043525696,6,46.21962,-2.0802956
201101,江西省人民政府办公厅关于印发江西省绿色食品产业发展配套政策的通知,江西,0.5028170943260193,4,-17.263153,-15.010107
201105,关于印发支持资源枯竭城市转型和可持续发展工作意见的通知,江西,0.5428975820541382,4,-4.1536283,-1.7720252
201102,江西省人民政府办公厅转发省工信委关于2011年战略性新兴产业推进工作指导意见的通知,江西,0.5009960532188416,5,3.7372236,-8.825965
201102,江西省人民政府办公厅关于转发江西省推进大气污染联防联控工作改善区域空气质量实施方案的通知,江西,0.5197420716285706,2,-29.690899,16.783274
201006,关于印发江西省机动车排气 污染防治实施方案的通知,江西,0.5487220287322998,2,-29.85256,20.609861
201007,江西省人民政府办公厅关于加强引导服务促进产业健康有序发展的通知,江西,0.5180215239524841,4,3.8731828,-8.759184
200604,江西省人民政府办公厅转发省发改委关于鼓励发展节能环保型小排量汽车实施意见的通知,江西,0.5607810616493225,5,-7.523167,21.157654
200609,江西省人民政府办公厅关于加快煤层气（煤矿瓦斯）抽采利用的意见,江西,0.5430856943130493,6,52.869087,6.1310577
200608,江西省人民政府办公厅转发国办发〔2006〕37号文件关于调整住房供应结构稳定住房价格意见的通知,江西,0.5144619941711426,5,7.8253207,-45.65083
200708,江西省人民政府办公厅关于印发江西省工业园区污水达标排放等七个专项行动方案的通知,江西,0.5319364666938782,2,-35.291542,6.4630847
200612,江西省人民政府关于全面落实科学发展观加强环境保护的若干意见,江西,0.5606029629707336,2,-34.12168,4.9618845
200611,江西省人民政府办公厅关于进一步做好煤矿整顿关闭工作的通知,江西,0.5373638272285461,6,50.414318,0.010348543
200610,江西省人民政府办公厅关于进一步加强煤炭行业管理的实施意见,江西,0.5404069423675537,6,43.649185,-1.580309
200606,江西省人民政府办公厅关于取消农村私人承包用电管理业务的通知,江西,0.5099297165870667,5,26.12841,15.137932
202408,新疆维吾尔自治区人民政府办公厅关于印发《加快构建自治区高质量充电基础设施体系的实施方案》的通知,新疆,0.5113135576248169,0,12.399097,12.902221
202312,新疆维吾尔自治区人民政府办公厅关于印发《新疆维吾尔自治区生态环境损害调查办法》等四项配套制度的通知,新疆,0.507479727268219,5,-59.383533,5.2377353
202211,新疆维吾尔自治区关于鼓励和支持社会资本参与生态保护修复的实施意见,新疆,0.6190889477729797,2,-58.86351,0.9449612
202108,关于科学绿化的实施意见,新疆,0.5613934397697449,2,-58.190178,-0.66723967
201611,关于促进自治区煤化工产业绿色可持续发展的指导意见,新疆,0.5504128336906433,4,10.501653,-17.238491
201611,关于印发《加快推进电气化新疆工作方案》的通知,新疆,0.6368632912635803,5,15.841315,9.944661
201611,关于印发《自治区钢铁行业化解过剩产能工作考核办法及实施细则》的通知,新疆,0.516089677810669,5,24.792421,-9.1456585
201610,关于印发《自治区化解煤炭过剩产能考核办法》的通知,新疆,0.566341757774353,5,25.016998,-9.168815
201609,关于加强节能标准化工作的实施意见,新疆,0.5743247866630554,3,-8.448698,33.06526
201606,关于印发自治区金融支持工业稳增长调结构增效益工作实施方案的通知,新疆,0.5321526527404785,4,-11.483752,-41.88187
201605,转发自治区经信委贯彻落实自治区关于做好当前经济工作推进经济持续健康发展实施意见的通知,新疆,0.5626174211502075,5,15.656818,10.128934
201604,关于开展自治区第一批低碳城市及低碳社区试点工作的通知,新疆,0.5866562128067017,5,-14.491608,13.690996
201512,关于成立实行最严格水资源管理制度考核工作领导小组的通知,新疆,0.5137988924980164,5,19.857029,-42.95199
201512,关于印发《新疆维吾尔自治区排污权有偿使用和交易试点工作暂行办法》的通知,新疆,0.5409218668937683,5,-39.419838,15.189747
201511,关于切实做好今冬明春农业农村工作的指导意见,新疆,0.5068886876106262,5,19.168146,-43.519836
201509,关于做好下半年工业经济稳增长工作的通知,新疆,0.5363253951072693,4,9.475109,-18.29696
201508,关于充分发挥石油工业在经济稳增长中引领带动作用的通知,新疆,0.5457941889762878,5,11.446567,-16.304026
201508,关于成立江苏新疆两省区联合推进苏新能源和丰煤制气项目工作协调小组的通知,新疆,0.5043830871582031,5,21.048403,-42.51049
201503,关于加强环境监管执法的实施意见,新疆,0.5081226825714111,2,-37.466373,8.521051
201312,贯彻落实国务院办公厅关于进一步加强煤矿安全生产工作意见的实施意见,新疆,0.581116795539856,6,50.44259,2.9889832
201311,关于转发自治区住房城乡建设厅发改委绿色建筑行动方案的通知,新疆,0.6145009398460388,1,-15.023857,3.632922
201310,印发贯彻落实自治区党委自治区人民政府关于实施创新驱动发展战略加快创新型新疆建设意见任务分工的通知,新疆,0.5433686375617981,4,10.75208,-18.381824
201309,关于成立自治区重大工业建设项目环境管理工作领导小组的通知,新疆,0.502890944480896,5,19.801136,-41.262066
201308,关于转发自治区无电地区电力建设工作方案的通知,新疆,0.5200095176696777,5,16.465576,9.844825
201306,关于调整自治区卫星应用产业发展领导小组成员的通知,新疆,0.5169835090637207,5,21.045437,-41.43887
201305,关于自治区促进企业技术改造的实施意见,新疆,0.5339775681495667,4,11.453497,-19.205841
201303,关于政府工作报告重点任务分解落实意见,新疆,0.5203309655189514,4,9.738359,-18.584284
201212,关于成立自治区卫星应用产业发展领导小组的通知,新疆,0.5250938534736633,5,21.022966,-41.450764
201208,关于对2011年下半年以来获得中国驰名商标和新疆著名商标认定企业进行奖励的通报,新疆,0.5049724578857422,5,15.219803,7.6161094
201205,关于印发2012年自治区整治违法排污企业保障群众健康环保专项行动实施方案的通知,新疆,0.5064293146133423,2,-39.607204,1.8857777
201203,关于印发新疆维吾尔自治区太阳能光伏产业发展规划（2011—2015年）的通知,新疆,0.5299619436264038,4,15.459122,8.855206
201202,关于印发自治区2012年度政务信息报送要点的通知,新疆,0.514306902885437,4,9.033377,-18.574942
201107,关于落实加快推进煤矿企业兼并重组若干意见有关问题的通知,新疆,0.5737482905387878,6,44.6127,0.020908104
201105,关于印发2011年自治区整治违法排污企业保障群众健康环保专项行动实施方案的通知,新疆,0.5391539931297302,2,-39.5223,1.9632015
201008,关于调整自治区减轻企业负担领导小组的通知,新疆,0.5004321336746216,5,21.07538,-40.34433
201008,关于调整奎屯-独山子经济技术开发区建设发展领导小组的通知,新疆,0.5252167582511902,5,21.554705,-40.90206
201005,关于印发2010年自治区整治违法排污企业保障群众健康环保专项行动实施方案的通知,新疆,0.5380207300186157,2,-39.259068,1.775354
201004,关于印发新疆维吾尔自治区发展和改革委员会主要职责内设机构和人员编制规定的通知,新疆,0.515836775302887,5,22.845795,-37.99377
201003,关于调整充实自治区矿产资源整合工作领导小组组成人员的通知,新疆,0.5163172483444214,5,21.865192,-42.140255
201002,关于调整自治区第二轮矿产资源规划编制领导小组组成人员的通知,新疆,0.5584868788719177,5,23.153744,-42.330364
200912,转发自治区监察厅关于工程建设领域突出问题和中央扩大内需政策落实及重点项目建设监督检查情况报告的通知,新疆,0.5004701018333435,5,20.476618,-27.109922
200912,关于调整自治区履行《禁止化学武器公约》工作领导小组的通知,新疆,0.5131807327270508,5,22.260427,-40.328953
200912,关于转发自治区环保厅自治区“十一五”主要污染物排放总量控制考核工作方案的通知,新疆,0.5508331656455994,2,-29.81969,28.963144
200904,关于转发自治区财政厅等五部门《新疆维吾尔自治区煤炭资源开发特别调节费征收使用管理办法》的通知,新疆,0.5083833932876587,5,41.326885,4.3386106
200809,关于调整自治区石油石化发展领导小组的通知,新疆,0.5077377557754517,5,22.411829,-40.61965
200808,关于表彰自治区人民政府2007年度调查与研究获奖课题和单位的通报,新疆,0.528676450252533,5,9.62307,-19.98492
200808,关于印发新疆维吾尔自治区应对气候变化科技专项行动方案的通知,新疆,0.5321044921875,5,-13.919769,13.062613
200806,关于成立自治区清理整顿小冶金专项工作领导小组的通知,新疆,0.5014375448226929,5,21.683203,-40.079006
200804,关于调整自治区整顿和规范矿产资源开发秩序工作领导小组的通知,新疆,0.5002570152282715,5,22.131107,-42.145847
200710,关于印发新疆维吾尔自治区有机食品发展规划的通知,新疆,0.5016896724700928,5,-34.39222,2.0278897
200708,关于成立自治区第二轮矿产资源规划编制领导小组的通知,新疆,0.5419459939002991,5,22.49772,-41.746307
200706,转发自治区安监局发改委国土资源厅环保局关于开展尾矿库专项整治行动工作方案的通知,新疆,0.5110082030296326,5,55.64656,-0.056134198
200702,转发国务院办公厅转发国土资源部等部门对矿产资源开发进行整合意见通知的通知,新疆,0.5715729594230652,6,51.950237,-7.1359024
200701,关于转发自治区国资委进一步加快自治区区属国有企业改革意见的通知,新疆,0.5024150609970093,5,11.562677,-21.300287
200701,转发自治区经贸委关于加快振兴装备制造业实施意见的通知,新疆,0.5105394124984741,4,11.378615,-18.57494
201909,"安徽省人民政府办公厅关于进一步推深做实
新安江流域生态补偿机制的实施意见
",安徽,0.5132920742034912,2,-42.41747,6.469468
201903,安徽省人民政府办公厅关于印发柴油货车污染防治攻坚战实施方案的通知,安徽,0.5067178606987,2,-30.729273,21.335459
201903,安徽省人民政府办公厅关于印发推进运输结构调整工作实施方案的通知,安徽,0.5581074953079224,5,-6.946846,-8.4904995
201901,安徽省人民政府办公厅关于加强长江（安徽）水生生物保护工作的实施意见,安徽,0.5724193453788757,2,-63.75582,7.87235
201811,安徽省人民政府办公厅关于印发全省自然保护区排查整治专项行动方案的通知,安徽,0.5101837515830994,5,-60.830746,8.037865
201807,安徽省人民政府办公厅关于印发安徽省环境空气质量生态补偿暂行办法的通知,安徽,0.5096396207809448,2,-34.166756,23.995594
201807,安徽省人民政府办公厅关于印发安徽省2018年农村电网改造巩固提升行动方案的通知,安徽,0.5085694193840027,5,23.557846,13.625484
201807,"安徽省人民政府办公厅关于
全省开发区环境污染整治的意见
",安徽,0.5351352095603943,2,-40.53187,6.2186685
201806,安徽省人民政府办公厅关于成立省推进秸秆综合利用和畜禽废弃物资源化利用工作领导小组的通知,安徽,0.5082634091377258,5,-22.743902,-12.534085
201803,"安徽省人民政府办公厅关于下达
2018年各市环保约束性指标的通知
",安徽,0.5073171854019165,5,-32.671177,23.894457
201709,"安徽省人民政府办公厅关于成立省非常规
油气勘查开发推进工作领导小组的通知
",安徽,0.5479338765144348,5,38.331345,-22.088842
201707,安徽省人民政府办公厅关于进一步加强生活垃圾分类工作的通知,安徽,0.5014458894729614,5,-26.602999,-5.380809
201706,"安徽省人民政府办公厅关于2016年度
大气污染防治工作考核结果的通报
",安徽,0.5251471400260925,5,-32.846306,22.950603
201706,"安徽省人民政府办公厅关于成立省以下
环保机构监测监察执法垂直管理
改革工作领导小组的通知
",安徽,0.5086354613304138,5,2.4799662,-52.583847
201705,安徽省人民政府办公厅关于印发安徽省能源发展“十三五”规划的通知,安徽,0.6363766193389893,4,0.5929156,12.63809
201705,安徽省人民政府办公厅关于建立全省经济运行调度通报考核机制的通知,安徽,0.5126970410346985,5,-5.688536,-16.322006
201705,"安徽省人民政府办公厅关于
各市一季度经济运行情况的通报
",安徽,0.5024833083152771,5,-5.772447,-16.552227
201704,"安徽省人民政府办公厅关于
印发安徽省2017年蓝天行动实施方案的通知
",安徽,0.5255255699157715,2,-31.987118,22.068663
201704,"安徽省人民政府办公厅关于完善
现代基础设施体系建设工作协调推进机制的通知
",安徽,0.5139905214309692,5,-5.8872247,-13.8984165
201704,安徽省人民政府办公厅关于印发安徽省“十三五”控制温室气体排放工作方案的通知,安徽,0.6155617237091064,4,-10.43877,18.121544
201702,安徽省人民政府办公厅关于进一步推进省属企业结构调整和重组的实施意见,安徽,0.5650436878204346,4,7.646902,-14.458201
201702,安徽省人民政府办公厅关于印发安徽省长江经济带化工污染整治专项行动工作方案的通知,安徽,0.5190912485122681,2,-37.6351,4.977793
201701,"安徽省人民政府办公厅关于
进一步深化国有粮食企业改革发展的通知
",安徽,0.5043869614601135,5,-16.805204,-19.040903
201612,"安徽省人民政府办公厅关于做好
2016–2017年度电力迎峰度冬工作的通知
",安徽,0.5666505098342896,5,30.878494,11.958528
201612,安徽省人民政府办公厅关于加快推进石化产业调结构促转型增效益的实施意见,安徽,0.5993685126304626,4,11.951521,-11.737081
201611,"安徽省人民政府办公厅关于印发2016年
各市环保约束性指标计划的通知
",安徽,0.5295103192329407,5,-32.763805,24.449734
201610,安徽省人民政府办公厅关于促进建材工业稳增长调结构增效益的实施意见,安徽,0.5441699624061584,4,15.5999975,-5.1177115
201606,"安徽省人民政府办公厅
关于做好2016年电力迎峰度夏工作的通知
",安徽,0.5735107064247131,5,31.031483,12.030332
201605,"安徽省人民政府办公厅关于2015年度大气
污染防治行动计划实施情况考核结果的通报
",安徽,0.5270045399665833,5,-32.815063,22.682396
201512,安徽省人民政府办公厅关于印发加快转变农业发展方式实施方案的通知,安徽,0.517511785030365,4,-15.686926,-19.493172
201510,"安徽省人民政府办公厅转发省住房城乡建设厅
关于推进城乡建设绿色发展意见的通知
",安徽,0.583655834197998,1,-9.367052,4.1951475
201510,"安徽省人民政府办公厅关于印发安徽省
“大新专”项目四督四保协调推进办法的通知
",安徽,0.5068509578704834,5,-5.609632,-14.762096
201508,"安徽省人民政府办公厅
关于印发促进中部地区崛起
2015年工作要点任务分工的通知
",安徽,0.5522975325584412,4,-12.369785,-18.957418
201508,安徽省人民政府办公厅关于加快农村电网改造升级工程建设的通知,安徽,0.5482536554336548,5,24.00576,13.815224
201507,安徽省人民政府办公厅关于印发省政府2015年第三季度有关重点工作任务分工的通知,安徽,0.5259338021278381,4,-5.331721,-16.611214
201506,安徽省人民政府办公厅关于2014年度大气污染防治行动计划实施情况考核结果的通报,安徽,0.5039618611335754,5,-32.871754,22.645905
201506,"安徽省人民政府办公厅关于下达
2015年主要污染物总量减排项目计划的通知
",安徽,0.5779364109039307,5,-31.902332,26.092804
201505,"安徽省人民政府办公厅关于成立
省政府推进职能转变协调小组的通知
",安徽,0.5010424256324768,5,29.062004,-35.818207
201504,安徽省人民政府办公厅关于加快新能源汽车产业发展和推广应用的实施意见,安徽,0.5157428979873657,0,11.002911,17.820568
201501,安徽省人民政府办公厅关于加强进口的实施意见,安徽,0.5405476689338684,4,8.117121,-23.324306
201501,安徽省人民政府办公厅关于大力倡导低碳绿色出行的指导意见,安徽,0.5404752492904663,5,-7.1009235,3.8433459
201412,"安徽省人民政府办公厅关于1—11月份
全省大气污染防治工作情况的通报
",安徽,0.5171343684196472,5,-32.01715,23.425135
201412,"安徽省人民政府办公厅关于明确
省级石油天然气管道保护主管部门的通知
",安徽,0.5090492367744446,5,38.875298,-19.95026
201411,"安徽省人民政府办公厅关于调整
千万亩森林增长工程2015－2016年
规划任务和落实2015年造林计划的通知
",安徽,0.5032323002815247,5,-49.804764,1.953397
201411,"安徽省人民政府办公厅关于印发安徽省
大气污染防治行动计划实施情况
考核办法（试行）的通知
",安徽,0.5081237554550171,2,-33.686974,23.051876
201410,"安徽省人民政府办公厅关于调整
省战略性新兴产业领导小组成员的通知
",安徽,0.5092779397964478,5,26.593279,-36.897335
201409,"安徽省人民政府办公厅关于
印发安徽省2014-2015年节能减排低碳发展
行动方案的通知
",安徽,0.6460439562797546,3,-9.674627,18.776428
201409,"安徽省人民政府办公厅关于加快推进
小煤矿关闭退出工作的实施意见
",安徽,0.5250383615493774,6,50.430885,1.0351316
201408,安徽省人民政府办公厅关于加强建筑规划设计管理的通知,安徽,0.5173704624176025,5,-11.570008,-0.9446193
201405,安徽省人民政府办公厅关于下达2014年主要污染物总量减排项目计划的通知,安徽,0.590310275554657,2,-31.818266,26.290865
201310,安徽省人民政府办公厅关于做好2013—2014年度电力迎峰度冬工作的通知,安徽,0.5831928849220276,5,30.72152,11.8753195
201308,安徽省人民政府办公厅关于2013年促进中部地区崛起工作要点任务分解的通知,安徽,0.5156315565109253,4,-12.708288,-19.122507
201307,安徽省人民政府办公厅关于印发生态强省建设2013年工作要点的通知,安徽,0.5224751234054565,2,-41.21479,8.133712
201306,安徽省人民政府办公厅关于下达2013年主要污染物总量减排项目计划的通知,安徽,0.6019160151481628,2,-31.56424,26.481966
201306,安徽省人民政府办公厅关于印发安徽省“十二五”主要污染物总量减排考核办法的通知,安徽,0.5609931945800781,2,-32.391888,27.442831
201302,安徽省人民政府办公厅转发省经济和信息化委等部门关于非煤矿山整顿关闭工作方案（2013—2015年）的通知,安徽,0.5198515057563782,6,51.884747,-1.1320249
201302,安徽省人民政府办公厅关于加快林下经济发展的实施意见,安徽,0.5119377374649048,5,-49.451523,4.4577675
201210,安徽省人民政府办公厅转发省经济和信息化委安徽煤矿安全监察局关于推进地方煤矿机械化开采意见的通知,安徽,0.5021681785583496,6,50.918167,-0.6380717
201206,安徽省人民政府办公厅关于下达2012年主要污染物减排项目计划的通知,安徽,0.5969824194908142,2,-31.48439,26.520313
201205,安徽省人民政府办公厅转发省经济和信息化委等部门关于优化企业发展环境促进工业经济平稳较快增长意见的通知,安徽,0.5425100326538086,4,-5.4377637,-15.361853
201205,安徽省人民政府办公厅转发人行合肥中心支行关于进一步加强金融生态环境建设意见的通知,安徽,0.5540844202041626,4,-21.376516,-36.95813
201203,安徽省人民政府办公厅关于建立保护发展森林资源目标责任制的通知,安徽,0.5191949605941772,5,-51.20038,6.390245
201107,安徽省人民政府办公厅转发国家发展改革委关于印发2011年促进中部地区崛起工作要点的通知,安徽,0.511329710483551,5,-4.306664,-19.06436
201103,安徽省人民政府办公厅转发国务院办公厅关于做好自然保护区管理有关工作的通知,安徽,0.5136876702308655,5,-60.113235,9.397886
201103,安徽省人民政府办公厅关于认真做好2011年主要污染物总量减排项目计划编制和2010年度污染源普查动态更新工作的通知,安徽,0.5888898968696594,2,-30.676447,26.849325
201008,安徽省人民政府办公厅关于印发2010年节能预警调控方案的通知,安徽,0.6016409993171692,5,-6.702897,24.752563
201008,安徽省人民政府办公厅关于做好“十二五”节能规划编制工作的通知,安徽,0.6130625009536743,3,-6.8050947,24.768915
200911,安徽省人民政府办公厅转发人民银行合肥中心支行等部门关于做好集体林权制度改革与林业发展金融服务工作意见的通知,安徽,0.5809230804443359,5,-19.354843,-40.4277
200909,安徽省人民政府办公厅关于印发安徽省主要污染物总量减排奖励办法的通知,安徽,0.5526021718978882,2,-33.014378,27.347061
200908,"安徽省人民政府办公厅关于转发省经济和信息化委等部门非煤矿山专项整顿治理工作方案的通知
",安徽,0.5108258128166199,6,51.641342,-1.2180909
200901,安徽省人民政府办公厅关于做好电力迎峰度冬工作的通知,安徽,0.5849148035049438,5,31.256643,11.685011
200807,安徽省人民政府办公厅关于调整2008年全省主要污染物减排项目计划的通知,安徽,0.571858286857605,5,-30.953142,25.527344
200806,"安徽省人民政府办公厅转发国务院办公厅关于做好当前煤电油气运和农资供应保障工作的紧急通知
",安徽,0.5730670690536499,5,31.654085,11.074635
200806,"安徽省人民政府办公厅转发省环保局关于2007年度淮河流域水污染防治工作目标考核情况及下一步工作建议的通知
",安徽,0.5035555362701416,2,-31.869213,3.5629249
200804,安徽省人民政府办公厅转发国家发展改革委等四部门关于做好当前食用植物油市场供应工作的紧急通知,安徽,0.5162496566772461,5,32.557823,-10.570011
200710,安徽省人民政府办公厅转发国务院办公厅关于进一步加强安全生产工作坚决遏制重特大事故的通知,安徽,0.5019416213035583,6,55.43902,-3.5549943
200708,安徽省人民政府办公厅关于进一步清理高耗能高污染行业推动全省节能工作的通知,安徽,0.5757321119308472,3,-0.5195323,32.407375
200611,安徽省人民政府办公厅关于开展全省煤矿安全生产大检查的紧急通知,安徽,0.5030075907707214,6,51.837757,0.028749885
200609,安徽省人民政府办公厅转发国务院办公厅转发建设部等部门关于调整住房供应结构稳定住房价格意见的通知,安徽,0.5380800366401672,5,8.379181,-45.199017
200608,安徽省人民政府办公厅关于印发安徽省发展和改革委员会职能配置内设机构和人员编制规定的通知,安徽,0.5312936902046204,5,36.56457,-27.475618
200606,安徽省人民政府办公厅转发省农村信用社联合社关于实施社会主义新农村建设金融服务计划意见的通知,安徽,0.5095332264900208,4,-18.181072,-39.73529
200604,安徽省人民政府办公厅关于印发安徽省经济委员会职能配置内设机构和人员编制规定的通知,安徽,0.5097692608833313,5,36.498985,-27.461424
200603,安徽省人民政府办公厅关于加快全省电网建设有关问题的通知,安徽,0.5621369481086731,5,23.790379,11.299219
200510,安徽省人民政府办公厅转发国务院办公厅关于进一步推进墙体材料革新和推广节能建筑的通知,安徽,0.5058585405349731,1,-11.18562,1.5404437
200505,安徽省人民政府办公厅转发省发展改革委等部门关于进一步做好小煤矿关闭整顿工作实施方案的通知,安徽,0.5024862289428711,6,51.38191,-0.2960674
200411,安徽省人民政府办公厅转发国务院办公厅关于加强生物物种资源保护和管理的通知,安徽,0.5339453816413879,5,-61.189632,10.548368
200408,安徽省人民政府办公厅转发国务院办公厅关于开展资源节约活动的通知,安徽,0.5494499802589417,4,-14.584312,24.67055
202501,浙江省人民政府办公厅关于印发浙江省推动碳排放双控工作若干举措的通知,浙江,0.6028759479522705,4,-11.392964,17.152105
202309,浙江省人民政府办公厅关于加强有机类肥料生产与应用的意见,浙江,0.5071627497673035,5,-23.919441,-12.27139
202303,浙江省人民政府办公厅关于印发浙江省排污权有偿使用和交易管理办法的通知,浙江,0.5462598204612732,5,-37.899105,15.572066
202112,浙江省人民政府办公厅关于科学绿化的实施意见,浙江,0.5075496435165405,2,-54.94171,0.019188825
202103,浙江省人民政府办公厅关于推动浙江建筑业改革创新高质量发展的实施意见,浙江,0.5257779359817505,1,-12.713667,-2.0007465
201901,浙江省人民政府办公厅关于进一步推动企业兼并重组的实施意见,浙江,0.5223695635795593,5,7.442564,-15.038917
201808,浙江省人民政府办公厅关于实施全域土地综合整治与生态修复工程的意见,浙江,0.5484559535980225,2,-54.633587,-2.6045487
201801,浙江省人民政府办公厅关于浙江省“十三五”及中长期电网设施空间布局规划的复函,浙江,0.5283221006393433,5,21.997885,11.125735
201712,浙江省人民政府办公厅关于加强湿地保护修复工作的实施意见,浙江,0.5442379117012024,2,-63.658604,5.425174
201711,浙江省人民政府办公厅关于机械工业调结构促转型增效益的实施意见,浙江,0.5132026076316833,4,5.6314025,-9.3597765
201707,浙江省人民政府办公厅关于石化产业调结构促转型增效益的实施意见,浙江,0.5791604518890381,4,12.121925,-11.915652
201708,浙江省人民政府办公厅关于印发浙江省排污许可证管理实施方案的通知,浙江,0.5161042809486389,2,-34.37399,14.326951
201706,浙江省人民政府办公厅关于全面推行“区域能评＋ 区块能耗标准”改革的指导意见,浙江,0.56077641248703,3,-3.4655263,34.42953
201612,浙江省人民政府办公厅关于印发浙江省供给侧结构性改革降成本行动方案的通知,浙江,0.5029776096343994,4,4.7828035,-18.540232
201611,浙江省人民政府办公厅关于加快推进住宅全装修工作的指导意见,浙江,0.5162531137466431,5,-12.645697,0.26995835
201606,浙江省人民政府办公厅关于印发浙江省房地产供给侧结构性改革行动方案的通知,浙江,0.5062457919120789,5,6.9706564,-44.859837
201606,浙江省人民政府办公厅关于印发浙江省钢铁行业化解过剩产能实现脱困发展实施方案的通知,浙江,0.5032936334609985,4,21.245886,-7.7132277
201606,浙江省人民政府办公厅关于加快转变农业发展方式的若干意见,浙江,0.50962233543396,4,-16.027538,-19.699028
201604,浙江省人民政府办公厅关于进一步降低企业成本优化发展环境的若干意见,浙江,0.5022696852684021,4,5.177183,-17.236876
201507,浙江省人民政府办公厅关于加强农村生活污水治理设施运行维护管理的意见,浙江,0.5114184021949768,2,-35.05159,10.892385
201505,浙江省人民政府办公厅关于加强环境监管执法的实施意见,浙江,0.5012026429176331,2,-36.246582,9.311485
201405,浙江省人民政府办公厅关于印发浙江省化解产能过剩矛盾实施方案的通知,浙江,0.5711849331855774,4,19.151537,-7.1898203
201404,浙江省人民政府办公厅关于加快发展现代生态循环农业的意见,浙江,0.5144543051719666,2,-20.587683,-15.849875
201308,浙江省人民政府办公厅关于有效化解企业资金链担保链风险加快银行不良资产处置的意见,浙江,0.5014963150024414,5,-14.123403,-39.079094
201301,浙江省人民政府办公厅转发省物价局等4部门关于浙江省差别化电价加价实施意见的通知,浙江,0.5544960498809814,5,30.707733,18.152216
201209,浙江省人民政府办公厅关于积极推进农村能源生态建设的意见,浙江,0.5372432470321655,4,-21.372484,-15.60523
201108,浙江省人民政府办公厅转发省金融办关于扩大小额贷款保证保险试点工作意见的通知,浙江,0.5013764500617981,5,-15.870999,-39.67823
200909,浙江省人民政府办公厅关于进一步规范和加强电源项目前期工作的通知,浙江,0.5879347324371338,5,22.284657,9.335348
202508,四川省人民政府办公厅关于深入推进新一轮找矿突破战略行动 促进矿业高质量发展的若干意见,四川,0.5043459534645081,5,50.094368,-11.505327
202401,四川省人民政府办公厅关于印发《四川省推进瓶装液化石油气“瓶改管”“瓶改电”工作方案》的通知,四川,0.5159657597541809,5,34.67488,7.7613792
202311,四川省人民政府办公厅转发省发展改革委《关于恢复和扩大消费若干措施》的通知,四川,0.5094092488288879,4,14.858666,14.226166
202212,四川省人民政府办公厅关于印发《四川省新污染物治理工作方案》的通知,四川,0.5066539645195007,2,-33.163433,18.293228
202208,四川省人民政府办公厅关于加强草原保护修复和草业发展的实施意见,四川,0.5360589623451233,2,-61.606403,0.53668714
202205,四川省人民政府办公厅关于深入打好2022年大气污染防治攻坚战的通知,四川,0.5063197612762451,2,-32.76412,18.57231
201903,四川省人民政府办公厅关于印发四川省推进运输结构调整三年行动计划实施方案的通知,四川,0.5636411905288696,5,-5.154417,-8.71509
201809,四川省人民政府办公厅关于进一步推动省属企业结构调整和重组的实施意见,四川,0.5380567312240601,4,6.4030795,-14.609261
201805,四川省人民政府办公厅关于加快推进农业供给侧结构性改革大力发展粮食产业经济的实施意见,四川,0.5008032917976379,4,-17.912668,-19.663097
201801,四川省人民政府办公厅关于印发四川省绿色金融发展规划的通知,四川,0.6732161641120911,4,-23.133596,-39.685947
201710,四川省人民政府办公厅关于印发四川省湿地保护修复制度实施方案的通知,四川,0.54409259557724,2,-64.65541,5.1930127
201710,四川省人民政府办公厅关于推进畜牧业转型升级绿色发展的意见,四川,0.5111774206161499,4,-18.848516,-17.745516
201706,四川省人民政府办公厅关于大力发展装配式建筑的实施意见,四川,0.5068497657775879,1,-14.132301,-1.4007368
201705,四川省人民政府办公厅关于印发营造良好市场环境促进有色金属工业调结构促转型增效益的实施方案的通知,四川,0.5705670118331909,4,16.192524,-11.318284
201705,四川省人民政府办公厅关于印发促进建材工业稳增长调结构增效益的实施方案的通知,四川,0.5227950215339661,4,15.44471,-4.416183
201703,四川省人民政府办公厅关于推进老工业基地振兴发展的实施意见,四川,0.502392590045929,4,5.5156503,-14.799794
201703,四川省人民政府办公厅关于印发四川省“十三五”环境空气质量和主要大气污染物总量减排指标目标任务分解计划的通知,四川,0.5035297274589539,2,-32.9504,19.37105
201612,四川省人民政府办公厅关于健全生态保护补偿机制的实施意见,四川,0.5151751637458801,2,-56.60991,5.486345
201610,四川省人民政府办公厅关于印发大规模绿化全川行动方案的通知,四川,0.500580370426178,2,-52.54304,0.7537797
201608,四川省人民政府办公厅关于煤炭行业化解过剩产能实现脱困发展的实施意见,四川,0.5443922281265259,6,46.577362,2.1373832
201512,四川省人民政府办公厅关于推行环境污染第三方治理的实施意见,四川,0.5004628896713257,2,-36.88403,11.702452
201509,,四川,0.5166263580322266,6,50.981136,1.7562466
201506,,四川,0.5033401250839233,5,-10.979458,40.119255
201505,,四川,0.5092809796333313,2,-36.288284,9.112406
201504,,四川,0.5265398025512695,4,-14.079353,-39.43342
201504,,四川,0.5519970059394836,5,31.702337,18.00711
201502,,四川,0.5318436026573181,4,-3.617396,-17.007626
201501,,四川,0.5049086809158325,5,-52.907948,0.5872946
201412,,四川,0.5620205998420715,5,20.594017,7.603816
201408,,四川,0.5854372978210449,5,-11.084984,40.205223
201406,,四川,0.5173332691192627,4,18.472324,-23.011204
201404,,四川,0.5026596188545227,4,-9.60634,-21.657637
201311,,四川,0.503740668296814,5,-22.21419,3.102206
201311,,四川,0.5001329183578491,5,-8.07238,-22.550198
201309,,四川,0.6067090034484863,5,-7.962255,21.459497
201306,,四川,0.6383637189865112,1,-13.235569,3.351829
201305,,四川,0.5293592810630798,2,-31.995901,18.468435
201305,,四川,0.5227991342544556,5,-10.617394,40.62413
201305,,四川,0.5440661311149597,2,-31.099802,29.567368
201205,,四川,0.5072268843650818,5,-9.94348,-21.575516
201202,,四川,0.5092760920524597,5,-24.843836,-8.42213
201201,,四川,0.5354310274124146,5,20.698238,7.636341
201112,,四川,0.57044517993927,5,-10.241949,40.8285
201110,,四川,0.583048939704895,5,-9.953339,41.044956
